采购单号,商品编号,商品名称,采购数量,采购价格,采购金额,订单状态,订购时间,京东仓库,供应商简码,供应商名称
1335053000,100001106229,珠江桥牌 调味料 姜豉豆豉 出口装0添加防腐剂 阳江特产 300g 广东老字号,4,11.9,47.6,待发货,2026-05-10 00:00:00,郑州,gzscymy,广东三乘云网络科技有限公司
1335053001,3478323,珠江桥牌特级头抽酱油 出口品质头道酿造0防腐剂甜味剂300ml广东老字号,24,16.8,403.2,已完成,2026-05-06 00:00:00,西安,gzscymy,广东三乘云网络科技有限公司
1335053002,3908750,珠江桥牌 酱油 金标生抽王 0添加味精凉拌蘸料出口装 500ml 广东老字号,36,7.8,280.8,已完成,2026-05-16 00:00:00,武汉,gzscymy,广东三乘云网络科技有限公司
1335053003,6597335,珠江桥牌 酱油 特级鲜酱油 天然酿晒特级酱油 出口装 1000ml 广东老字号,48,18.9,907.2,已完成,2026-05-11 00:00:00,北京,gzscymy,广东三乘云网络科技有限公司
1335053004,3908750,珠江桥牌 酱油 金标生抽王 0添加味精凉拌蘸料出口装 500ml 广东老字号,48,7.8,374.4,已完成,2026-04-26 00:00:00,沈阳,gzscymy,广东三乘云网络科技有限公司
1335053005,100001106229,珠江桥牌 调味料 姜豉豆豉 出口装0添加防腐剂 阳江特产 300g 广东老字号,12,11.9,142.8,已完成,2026-05-04 00:00:00,上海,gzscymy,广东三乘云网络科技有限公司
1335053006,3478323,珠江桥牌特级头抽酱油 出口品质头道酿造0防腐剂甜味剂300ml广东老字号,6,16.8,100.8,已完成,2026-04-17 00:00:00,郑州,gzscymy,广东三乘云网络科技有限公司
1335053007,100002671076,珠江桥牌 调味酱 蘑菇牛肉酱 香菇下饭菜拌饭拌面火锅蘸料230g 广东老字号,24,13.4,321.6,已完成,2026-05-21 00:00:00,成都,gzscymy,广东三乘云网络科技有限公司
1335053008,3478323,珠江桥牌特级头抽酱油 出口品质头道酿造0防腐剂甜味剂300ml广东老字号,48,16.8,806.4,已完成,2026-06-03 00:00:00,沈阳,gzscymy,广东三乘云网络科技有限公司
1335053009,100042633181,珠江桥牌 金装御品蚝油 0防腐剂45%蚝汁含量出口品质挤瓶250g 广东老字号,6,13.5,81.0,待发货,2026-04-22 00:00:00,广州,gzscymy,广东三乘云网络科技有限公司
1335053010,3908750,珠江桥牌 酱油 金标生抽王 0添加味精凉拌蘸料出口装 500ml 广东老字号,48,7.8,374.4,已完成,2026-05-26 00:00:00,郑州,gzscymy,广东三乘云网络科技有限公司
1335053011,100042633181,珠江桥牌 金装御品蚝油 0防腐剂45%蚝汁含量出口品质挤瓶250g 广东老字号,12,13.5,162.0,已完成,2026-05-20 00:00:00,上海,gzscymy,广东三乘云网络科技有限公司
1335053012,3478323,珠江桥牌特级头抽酱油 出口品质头道酿造0防腐剂甜味剂300ml广东老字号,36,16.8,604.8,已完成,2026-05-10 00:00:00,广州,gzscymy,广东三乘云网络科技有限公司
1335053013,6597335,珠江桥牌 酱油 特级鲜酱油 天然酿晒特级酱油 出口装 1000ml 广东老字号,4,18.9,75.6,已完成,2026-04-17 00:00:00,沈阳,gzscymy,广东三乘云网络科技有限公司
1335053014,6597335,珠江桥牌 酱油 特级鲜酱油 天然酿晒特级酱油 出口装 1000ml 广东老字号,24,18.9,453.6,已完成,2026-06-09 00:00:00,武汉,gzscymy,广东三乘云网络科技有限公司
1335053015,6597335,珠江桥牌 酱油 特级鲜酱油 天然酿晒特级酱油 出口装 1000ml 广东老字号,6,18.9,113.4,已完成,2026-04-17 00:00:00,上海,gzscymy,广东三乘云网络科技有限公司
1335053016,100042633181,珠江桥牌 金装御品蚝油 0防腐剂45%蚝汁含量出口品质挤瓶250g 广东老字号,4,13.5,54.0,已完成,2026-06-12 00:00:00,成都,gzscymy,广东三乘云网络科技有限公司
1335053017,100001106229,珠江桥牌 调味料 姜豉豆豉 出口装0添加防腐剂 阳江特产 300g 广东老字号,6,11.9,71.4,已完成,2026-06-09 00:00:00,沈阳,gzscymy,广东三乘云网络科技有限公司
1335053018,100002671076,珠江桥牌 调味酱 蘑菇牛肉酱 香菇下饭菜拌饭拌面火锅蘸料230g 广东老字号,36,13.4,482.4,已完成,2026-05-30 00:00:00,西安,gzscymy,广东三乘云网络科技有限公司
1335053019,100009878741,珠江桥牌 柱侯酱 叉烧腌肉烧烤焖肉酱 调味酱柱候酱240g 广东老字号,6,8.79,52.74,已完成,2026-05-15 00:00:00,北京,gzscymy,广东三乘云网络科技有限公司
1335053020,3908750,珠江桥牌 酱油 金标生抽王 0添加味精凉拌蘸料出口装 500ml 广东老字号,24,7.8,187.2,已完成,2026-05-23 00:00:00,上海,gzscymy,广东三乘云网络科技有限公司
1335053021,100002671076,珠江桥牌 调味酱 蘑菇牛肉酱 香菇下饭菜拌饭拌面火锅蘸料230g 广东老字号,96,13.4,1286.4,已发货,2026-06-04 00:00:00,郑州,gzscymy,广东三乘云网络科技有限公司
1335053022,6597335,珠江桥牌 酱油 特级鲜酱油 天然酿晒特级酱油 出口装 1000ml 广东老字号,6,18.9,113.4,已完成,2026-05-15 00:00:00,广州,gzscymy,广东三乘云网络科技有限公司
1335053023,100001106229,珠江桥牌 调味料 姜豉豆豉 出口装0添加防腐剂 阳江特产 300g 广东老字号,96,11.9,1142.4,已完成,2026-04-17 00:00:00,上海,gzscymy,广东三乘云网络科技有限公司
1335053024,100001106229,珠江桥牌 调味料 姜豉豆豉 出口装0添加防腐剂 阳江特产 300g 广东老字号,4,11.9,47.6,已完成,2026-04-26 00:00:00,西安,gzscymy,广东三乘云网络科技有限公司
1335053025,3908750,珠江桥牌 酱油 金标生抽王 0添加味精凉拌蘸料出口装 500ml 广东老字号,36,7.8,280.8,已完成,2026-04-28 00:00:00,沈阳,gzscymy,广东三乘云网络科技有限公司
1335053026,3908750,珠江桥牌 酱油 金标生抽王 0添加味精凉拌蘸料出口装 500ml 广东老字号,6,7.8,46.8,已完成,2026-04-30 00:00:00,武汉,gzscymy,广东三乘云网络科技有限公司
1335053027,100001106229,珠江桥牌 调味料 姜豉豆豉 出口装0添加防腐剂 阳江特产 300g 广东老字号,48,11.9,571.2,已完成,2026-05-24 00:00:00,郑州,gzscymy,广东三乘云网络科技有限公司
1335053028,100001106229,珠江桥牌 调味料 姜豉豆豉 出口装0添加防腐剂 阳江特产 300g 广东老字号,36,11.9,428.4,待发货,2026-05-14 00:00:00,武汉,gzscymy,广东三乘云网络科技有限公司
1335053029,100034465497,珠江桥牌 白灼汁 0脂肪白灼捞拌汁 凉拌蒸鱼海鲜捞汁 300ml 广东老字号,6,9.9,59.4,已完成,2026-05-28 00:00:00,西安,gzscymy,广东三乘云网络科技有限公司
1335053030,6597335,珠江桥牌 酱油 特级鲜酱油 天然酿晒特级酱油 出口装 1000ml 广东老字号,36,18.9,680.4,已完成,2026-04-26 00:00:00,西安,gzscymy,广东三乘云网络科技有限公司
1335053031,3908750,珠江桥牌 酱油 金标生抽王 0添加味精凉拌蘸料出口装 500ml 广东老字号,24,7.8,187.2,已完成,2026-05-18 00:00:00,上海,gzscymy,广东三乘云网络科技有限公司
1335053032,100001106229,珠江桥牌 调味料 姜豉豆豉 出口装0添加防腐剂 阳江特产 300g 广东老字号,12,11.9,142.8,已完成,2026-04-22 00:00:00,成都,gzscymy,广东三乘云网络科技有限公司
1335053033,3478323,珠江桥牌特级头抽酱油 出口品质头道酿造0防腐剂甜味剂300ml广东老字号,4,16.8,67.2,已发货,2026-04-30 00:00:00,武汉,gzscymy,广东三乘云网络科技有限公司
1335053034,6597335,珠江桥牌 酱油 特级鲜酱油 天然酿晒特级酱油 出口装 1000ml 广东老字号,48,18.9,907.2,已完成,2026-05-25 00:00:00,郑州,gzscymy,广东三乘云网络科技有限公司
1335053035,100009878741,珠江桥牌 柱侯酱 叉烧腌肉烧烤焖肉酱 调味酱柱候酱240g 广东老字号,96,8.79,843.84,已完成,2026-04-29 00:00:00,武汉,gzscymy,广东三乘云网络科技有限公司
1335053036,6597335,珠江桥牌 酱油 特级鲜酱油 天然酿晒特级酱油 出口装 1000ml 广东老字号,6,18.9,113.4,已完成,2026-05-13 00:00:00,西安,gzscymy,广东三乘云网络科技有限公司
1335053037,3478323,珠江桥牌特级头抽酱油 出口品质头道酿造0防腐剂甜味剂300ml广东老字号,12,16.8,201.6,已完成,2026-05-12 00:00:00,西安,gzscymy,广东三乘云网络科技有限公司
1335053038,6597335,珠江桥牌 酱油 特级鲜酱油 天然酿晒特级酱油 出口装 1000ml 广东老字号,6,18.9,113.4,已完成,2026-04-20 00:00:00,上海,gzscymy,广东三乘云网络科技有限公司
1335053039,100042633181,珠江桥牌 金装御品蚝油 0防腐剂45%蚝汁含量出口品质挤瓶250g 广东老字号,12,13.5,162.0,已完成,2026-05-20 00:00:00,北京,gzscymy,广东三乘云网络科技有限公司
1335053040,100034465497,珠江桥牌 白灼汁 0脂肪白灼捞拌汁 凉拌蒸鱼海鲜捞汁 300ml 广东老字号,96,9.9,950.4,已完成,2026-06-11 00:00:00,成都,gzscymy,广东三乘云网络科技有限公司
1335053041,3478323,珠江桥牌特级头抽酱油 出口品质头道酿造0防腐剂甜味剂300ml广东老字号,48,16.8,806.4,已完成,2026-06-01 00:00:00,西安,gzscymy,广东三乘云网络科技有限公司
1335053042,3908750,珠江桥牌 酱油 金标生抽王 0添加味精凉拌蘸料出口装 500ml 广东老字号,48,7.8,374.4,已完成,2026-04-29 00:00:00,成都,gzscymy,广东三乘云网络科技有限公司
1335053043,100042633181,珠江桥牌 金装御品蚝油 0防腐剂45%蚝汁含量出口品质挤瓶250g 广东老字号,36,13.5,486.0,已完成,2026-05-03 00:00:00,成都,gzscymy,广东三乘云网络科技有限公司
1335053044,100042633181,珠江桥牌 金装御品蚝油 0防腐剂45%蚝汁含量出口品质挤瓶250g 广东老字号,4,13.5,54.0,已完成,2026-06-15 00:00:00,上海,gzscymy,广东三乘云网络科技有限公司
1335053045,100042633181,珠江桥牌 金装御品蚝油 0防腐剂45%蚝汁含量出口品质挤瓶250g 广东老字号,12,13.5,162.0,已完成,2026-05-04 00:00:00,广州,gzscymy,广东三乘云网络科技有限公司
1335053046,3908750,珠江桥牌 酱油 金标生抽王 0添加味精凉拌蘸料出口装 500ml 广东老字号,36,7.8,280.8,已完成,2026-04-28 00:00:00,西安,gzscymy,广东三乘云网络科技有限公司
1335053047,3478323,珠江桥牌特级头抽酱油 出口品质头道酿造0防腐剂甜味剂300ml广东老字号,96,16.8,1612.8,已发货,2026-05-14 00:00:00,西安,gzscymy,广东三乘云网络科技有限公司
1335053048,100002671076,珠江桥牌 调味酱 蘑菇牛肉酱 香菇下饭菜拌饭拌面火锅蘸料230g 广东老字号,24,13.4,321.6,已完成,2026-05-01 00:00:00,武汉,gzscymy,广东三乘云网络科技有限公司
1335053049,100009878741,珠江桥牌 柱侯酱 叉烧腌肉烧烤焖肉酱 调味酱柱候酱240g 广东老字号,96,8.79,843.84,待发货,2026-05-21 00:00:00,郑州,gzscymy,广东三乘云网络科技有限公司
1335053050,100034465497,珠江桥牌 白灼汁 0脂肪白灼捞拌汁 凉拌蒸鱼海鲜捞汁 300ml 广东老字号,12,9.9,118.8,已完成,2026-06-11 00:00:00,广州,gzscymy,广东三乘云网络科技有限公司
1335053051,3478323,珠江桥牌特级头抽酱油 出口品质头道酿造0防腐剂甜味剂300ml广东老字号,96,16.8,1612.8,已完成,2026-05-01 00:00:00,郑州,gzscymy,广东三乘云网络科技有限公司
1335053052,3478323,珠江桥牌特级头抽酱油 出口品质头道酿造0防腐剂甜味剂300ml广东老字号,12,16.8,201.6,待发货,2026-06-03 00:00:00,北京,gzscymy,广东三乘云网络科技有限公司
1335053053,100034465497,珠江桥牌 白灼汁 0脂肪白灼捞拌汁 凉拌蒸鱼海鲜捞汁 300ml 广东老字号,24,9.9,237.6,已完成,2026-05-31 00:00:00,武汉,gzscymy,广东三乘云网络科技有限公司
1335053054,6597335,珠江桥牌 酱油 特级鲜酱油 天然酿晒特级酱油 出口装 1000ml 广东老字号,96,18.9,1814.4,已完成,2026-06-06 00:00:00,武汉,gzscymy,广东三乘云网络科技有限公司
1335053055,6597335,珠江桥牌 酱油 特级鲜酱油 天然酿晒特级酱油 出口装 1000ml 广东老字号,36,18.9,680.4,已完成,2026-06-15 00:00:00,成都,gzscymy,广东三乘云网络科技有限公司
1335053056,100009878741,珠江桥牌 柱侯酱 叉烧腌肉烧烤焖肉酱 调味酱柱候酱240g 广东老字号,48,8.79,421.92,已完成,2026-06-13 00:00:00,成都,gzscymy,广东三乘云网络科技有限公司
1335053057,100034465497,珠江桥牌 白灼汁 0脂肪白灼捞拌汁 凉拌蒸鱼海鲜捞汁 300ml 广东老字号,12,9.9,118.8,已完成,2026-05-03 00:00:00,上海,gzscymy,广东三乘云网络科技有限公司
1335053058,100001106229,珠江桥牌 调味料 姜豉豆豉 出口装0添加防腐剂 阳江特产 300g 广东老字号,96,11.9,1142.4,已完成,2026-05-28 00:00:00,西安,gzscymy,广东三乘云网络科技有限公司
1335053059,3478323,珠江桥牌特级头抽酱油 出口品质头道酿造0防腐剂甜味剂300ml广东老字号,4,16.8,67.2,已完成,2026-06-08 00:00:00,成都,gzscymy,广东三乘云网络科技有限公司
1335053060,3908750,珠江桥牌 酱油 金标生抽王 0添加味精凉拌蘸料出口装 500ml 广东老字号,36,7.8,280.8,已完成,2026-05-03 00:00:00,沈阳,gzscymy,广东三乘云网络科技有限公司
1335053061,3908750,珠江桥牌 酱油 金标生抽王 0添加味精凉拌蘸料出口装 500ml 广东老字号,6,7.8,46.8,已完成,2026-06-14 00:00:00,武汉,gzscymy,广东三乘云网络科技有限公司
1335053062,3908750,珠江桥牌 酱油 金标生抽王 0添加味精凉拌蘸料出口装 500ml 广东老字号,96,7.8,748.8,已完成,2026-04-29 00:00:00,上海,gzscymy,广东三乘云网络科技有限公司
1335053063,3908750,珠江桥牌 酱油 金标生抽王 0添加味精凉拌蘸料出口装 500ml 广东老字号,12,7.8,93.6,已完成,2026-04-27 00:00:00,上海,gzscymy,广东三乘云网络科技有限公司
1335053064,6597335,珠江桥牌 酱油 特级鲜酱油 天然酿晒特级酱油 出口装 1000ml 广东老字号,12,18.9,226.8,已完成,2026-05-01 00:00:00,郑州,gzscymy,广东三乘云网络科技有限公司
1335053065,6597335,珠江桥牌 酱油 特级鲜酱油 天然酿晒特级酱油 出口装 1000ml 广东老字号,12,18.9,226.8,已完成,2026-05-23 00:00:00,成都,gzscymy,广东三乘云网络科技有限公司
1335053066,100009878741,珠江桥牌 柱侯酱 叉烧腌肉烧烤焖肉酱 调味酱柱候酱240g 广东老字号,4,8.79,35.16,已完成,2026-05-23 00:00:00,西安,gzscymy,广东三乘云网络科技有限公司
1335053067,100001106229,珠江桥牌 调味料 姜豉豆豉 出口装0添加防腐剂 阳江特产 300g 广东老字号,96,11.9,1142.4,已完成,2026-05-11 00:00:00,沈阳,gzscymy,广东三乘云网络科技有限公司
1335053068,100002671076,珠江桥牌 调味酱 蘑菇牛肉酱 香菇下饭菜拌饭拌面火锅蘸料230g 广东老字号,96,13.4,1286.4,已完成,2026-06-12 00:00:00,武汉,gzscymy,广东三乘云网络科技有限公司
1335053069,3478323,珠江桥牌特级头抽酱油 出口品质头道酿造0防腐剂甜味剂300ml广东老字号,96,16.8,1612.8,已完成,2026-05-25 00:00:00,郑州,gzscymy,广东三乘云网络科技有限公司
1335053070,6597335,珠江桥牌 酱油 特级鲜酱油 天然酿晒特级酱油 出口装 1000ml 广东老字号,48,18.9,907.2,已完成,2026-06-01 00:00:00,广州,gzscymy,广东三乘云网络科技有限公司
1335053071,3908750,珠江桥牌 酱油 金标生抽王 0添加味精凉拌蘸料出口装 500ml 广东老字号,24,7.8,187.2,已完成,2026-04-22 00:00:00,广州,gzscymy,广东三乘云网络科技有限公司
1335053072,3478323,珠江桥牌特级头抽酱油 出口品质头道酿造0防腐剂甜味剂300ml广东老字号,36,16.8,604.8,已完成,2026-04-20 00:00:00,沈阳,gzscymy,广东三乘云网络科技有限公司
1335053073,100001106229,珠江桥牌 调味料 姜豉豆豉 出口装0添加防腐剂 阳江特产 300g 广东老字号,48,11.9,571.2,已完成,2026-06-12 00:00:00,成都,gzscymy,广东三乘云网络科技有限公司
1335053074,6597335,珠江桥牌 酱油 特级鲜酱油 天然酿晒特级酱油 出口装 1000ml 广东老字号,24,18.9,453.6,已完成,2026-04-21 00:00:00,沈阳,gzscymy,广东三乘云网络科技有限公司
1335053075,100034465497,珠江桥牌 白灼汁 0脂肪白灼捞拌汁 凉拌蒸鱼海鲜捞汁 300ml 广东老字号,96,9.9,950.4,已完成,2026-04-28 00:00:00,广州,gzscymy,广东三乘云网络科技有限公司
1335053076,3478323,珠江桥牌特级头抽酱油 出口品质头道酿造0防腐剂甜味剂300ml广东老字号,12,16.8,201.6,已完成,2026-04-18 00:00:00,武汉,gzscymy,广东三乘云网络科技有限公司
1335053077,6597335,珠江桥牌 酱油 特级鲜酱油 天然酿晒特级酱油 出口装 1000ml 广东老字号,48,18.9,907.2,已完成,2026-05-07 00:00:00,北京,gzscymy,广东三乘云网络科技有限公司
1335053078,6597335,珠江桥牌 酱油 特级鲜酱油 天然酿晒特级酱油 出口装 1000ml 广东老字号,96,18.9,1814.4,待发货,2026-05-30 00:00:00,郑州,gzscymy,广东三乘云网络科技有限公司
1335053079,6597335,珠江桥牌 酱油 特级鲜酱油 天然酿晒特级酱油 出口装 1000ml 广东老字号,96,18.9,1814.4,已完成,2026-05-08 00:00:00,北京,gzscymy,广东三乘云网络科技有限公司
1335053080,3478323,珠江桥牌特级头抽酱油 出口品质头道酿造0防腐剂甜味剂300ml广东老字号,36,16.8,604.8,已完成,2026-05-15 00:00:00,武汉,gzscymy,广东三乘云网络科技有限公司
1335053081,6597335,珠江桥牌 酱油 特级鲜酱油 天然酿晒特级酱油 出口装 1000ml 广东老字号,12,18.9,226.8,已完成,2026-05-27 00:00:00,上海,gzscymy,广东三乘云网络科技有限公司
1335053082,3478323,珠江桥牌特级头抽酱油 出口品质头道酿造0防腐剂甜味剂300ml广东老字号,12,16.8,201.6,已完成,2026-05-20 00:00:00,西安,gzscymy,广东三乘云网络科技有限公司
1335053083,100002671076,珠江桥牌 调味酱 蘑菇牛肉酱 香菇下饭菜拌饭拌面火锅蘸料230g 广东老字号,12,13.4,160.8,已发货,2026-05-13 00:00:00,北京,gzscymy,广东三乘云网络科技有限公司
1335053084,6597335,珠江桥牌 酱油 特级鲜酱油 天然酿晒特级酱油 出口装 1000ml 广东老字号,4,18.9,75.6,已完成,2026-05-18 00:00:00,西安,gzscymy,广东三乘云网络科技有限公司
1335053085,3908750,珠江桥牌 酱油 金标生抽王 0添加味精凉拌蘸料出口装 500ml 广东老字号,48,7.8,374.4,已完成,2026-06-14 00:00:00,西安,gzscymy,广东三乘云网络科技有限公司
1335053086,100042633181,珠江桥牌 金装御品蚝油 0防腐剂45%蚝汁含量出口品质挤瓶250g 广东老字号,48,13.5,648.0,已完成,2026-05-16 00:00:00,武汉,gzscymy,广东三乘云网络科技有限公司
1335053087,100002671076,珠江桥牌 调味酱 蘑菇牛肉酱 香菇下饭菜拌饭拌面火锅蘸料230g 广东老字号,6,13.4,80.4,已完成,2026-04-27 00:00:00,广州,gzscymy,广东三乘云网络科技有限公司
1335053088,100001106229,珠江桥牌 调味料 姜豉豆豉 出口装0添加防腐剂 阳江特产 300g 广东老字号,96,11.9,1142.4,已完成,2026-04-22 00:00:00,上海,gzscymy,广东三乘云网络科技有限公司
1335053089,100034465497,珠江桥牌 白灼汁 0脂肪白灼捞拌汁 凉拌蒸鱼海鲜捞汁 300ml 广东老字号,24,9.9,237.6,已完成,2026-05-04 00:00:00,北京,gzscymy,广东三乘云网络科技有限公司
1335053090,100034465497,珠江桥牌 白灼汁 0脂肪白灼捞拌汁 凉拌蒸鱼海鲜捞汁 300ml 广东老字号,12,9.9,118.8,已完成,2026-05-26 00:00:00,沈阳,gzscymy,广东三乘云网络科技有限公司
1335053091,100001106229,珠江桥牌 调味料 姜豉豆豉 出口装0添加防腐剂 阳江特产 300g 广东老字号,6,11.9,71.4,已完成,2026-05-28 00:00:00,武汉,gzscymy,广东三乘云网络科技有限公司
1335053092,100042633181,珠江桥牌 金装御品蚝油 0防腐剂45%蚝汁含量出口品质挤瓶250g 广东老字号,96,13.5,1296.0,已完成,2026-06-02 00:00:00,广州,gzscymy,广东三乘云网络科技有限公司
1335053093,3478323,珠江桥牌特级头抽酱油 出口品质头道酿造0防腐剂甜味剂300ml广东老字号,48,16.8,806.4,已完成,2026-05-05 00:00:00,广州,gzscymy,广东三乘云网络科技有限公司
1335053094,6597335,珠江桥牌 酱油 特级鲜酱油 天然酿晒特级酱油 出口装 1000ml 广东老字号,12,18.9,226.8,已完成,2026-05-11 00:00:00,广州,gzscymy,广东三乘云网络科技有限公司
1335053095,6597335,珠江桥牌 酱油 特级鲜酱油 天然酿晒特级酱油 出口装 1000ml 广东老字号,12,18.9,226.8,已完成,2026-05-28 00:00:00,上海,gzscymy,广东三乘云网络科技有限公司
1335053096,6597335,珠江桥牌 酱油 特级鲜酱油 天然酿晒特级酱油 出口装 1000ml 广东老字号,36,18.9,680.4,已完成,2026-06-03 00:00:00,沈阳,gzscymy,广东三乘云网络科技有限公司
1335053097,6597335,珠江桥牌 酱油 特级鲜酱油 天然酿晒特级酱油 出口装 1000ml 广东老字号,12,18.9,226.8,已完成,2026-05-17 00:00:00,广州,gzscymy,广东三乘云网络科技有限公司
1335053098,100034465497,珠江桥牌 白灼汁 0脂肪白灼捞拌汁 凉拌蒸鱼海鲜捞汁 300ml 广东老字号,36,9.9,356.4,已完成,2026-04-27 00:00:00,西安,gzscymy,广东三乘云网络科技有限公司
1335053099,3478323,珠江桥牌特级头抽酱油 出口品质头道酿造0防腐剂甜味剂300ml广东老字号,6,16.8,100.8,已完成,2026-05-05 00:00:00,北京,gzscymy,广东三乘云网络科技有限公司
1335053100,3478323,珠江桥牌特级头抽酱油 出口品质头道酿造0防腐剂甜味剂300ml广东老字号,24,16.8,403.2,已完成,2026-05-22 00:00:00,沈阳,gzscymy,广东三乘云网络科技有限公司
1335053101,3908750,珠江桥牌 酱油 金标生抽王 0添加味精凉拌蘸料出口装 500ml 广东老字号,4,7.8,31.2,已完成,2026-06-15 00:00:00,郑州,gzscymy,广东三乘云网络科技有限公司
1335053102,100001106229,珠江桥牌 调味料 姜豉豆豉 出口装0添加防腐剂 阳江特产 300g 广东老字号,4,11.9,47.6,已完成,2026-04-22 00:00:00,成都,gzscymy,广东三乘云网络科技有限公司
1335053103,100042633181,珠江桥牌 金装御品蚝油 0防腐剂45%蚝汁含量出口品质挤瓶250g 广东老字号,12,13.5,162.0,已完成,2026-05-27 00:00:00,沈阳,gzscymy,广东三乘云网络科技有限公司
1335053104,6597335,珠江桥牌 酱油 特级鲜酱油 天然酿晒特级酱油 出口装 1000ml 广东老字号,24,18.9,453.6,已完成,2026-05-17 00:00:00,成都,gzscymy,广东三乘云网络科技有限公司
1335053105,100001106229,珠江桥牌 调味料 姜豉豆豉 出口装0添加防腐剂 阳江特产 300g 广东老字号,36,11.9,428.4,已完成,2026-06-06 00:00:00,郑州,gzscymy,广东三乘云网络科技有限公司
1335053106,3908750,珠江桥牌 酱油 金标生抽王 0添加味精凉拌蘸料出口装 500ml 广东老字号,6,7.8,46.8,已完成,2026-04-23 00:00:00,西安,gzscymy,广东三乘云网络科技有限公司
1335053107,6597335,珠江桥牌 酱油 特级鲜酱油 天然酿晒特级酱油 出口装 1000ml 广东老字号,12,18.9,226.8,已完成,2026-05-23 00:00:00,沈阳,gzscymy,广东三乘云网络科技有限公司
1335053108,6597335,珠江桥牌 酱油 特级鲜酱油 天然酿晒特级酱油 出口装 1000ml 广东老字号,36,18.9,680.4,已完成,2026-05-22 00:00:00,上海,gzscymy,广东三乘云网络科技有限公司
1335053109,100002671076,珠江桥牌 调味酱 蘑菇牛肉酱 香菇下饭菜拌饭拌面火锅蘸料230g 广东老字号,4,13.4,53.6,已完成,2026-06-03 00:00:00,广州,gzscymy,广东三乘云网络科技有限公司
1335053110,100034465497,珠江桥牌 白灼汁 0脂肪白灼捞拌汁 凉拌蒸鱼海鲜捞汁 300ml 广东老字号,36,9.9,356.4,已完成,2026-04-23 00:00:00,郑州,gzscymy,广东三乘云网络科技有限公司
1335053111,6597335,珠江桥牌 酱油 特级鲜酱油 天然酿晒特级酱油 出口装 1000ml 广东老字号,4,18.9,75.6,已完成,2026-05-02 00:00:00,郑州,gzscymy,广东三乘云网络科技有限公司
1335053112,100042633181,珠江桥牌 金装御品蚝油 0防腐剂45%蚝汁含量出口品质挤瓶250g 广东老字号,48,13.5,648.0,待发货,2026-05-15 00:00:00,广州,gzscymy,广东三乘云网络科技有限公司
1335053113,100034465497,珠江桥牌 白灼汁 0脂肪白灼捞拌汁 凉拌蒸鱼海鲜捞汁 300ml 广东老字号,6,9.9,59.4,已完成,2026-04-22 00:00:00,武汉,gzscymy,广东三乘云网络科技有限公司
1335053114,3478323,珠江桥牌特级头抽酱油 出口品质头道酿造0防腐剂甜味剂300ml广东老字号,24,16.8,403.2,待发货,2026-04-27 00:00:00,广州,gzscymy,广东三乘云网络科技有限公司
1335053115,100042633181,珠江桥牌 金装御品蚝油 0防腐剂45%蚝汁含量出口品质挤瓶250g 广东老字号,96,13.5,1296.0,待发货,2026-05-28 00:00:00,郑州,gzscymy,广东三乘云网络科技有限公司
1335053116,3478323,珠江桥牌特级头抽酱油 出口品质头道酿造0防腐剂甜味剂300ml广东老字号,6,16.8,100.8,已完成,2026-05-16 00:00:00,武汉,gzscymy,广东三乘云网络科技有限公司
1335053117,6597335,珠江桥牌 酱油 特级鲜酱油 天然酿晒特级酱油 出口装 1000ml 广东老字号,36,18.9,680.4,已完成,2026-05-27 00:00:00,沈阳,gzscymy,广东三乘云网络科技有限公司
1335053118,6597335,珠江桥牌 酱油 特级鲜酱油 天然酿晒特级酱油 出口装 1000ml 广东老字号,96,18.9,1814.4,已完成,2026-06-09 00:00:00,上海,gzscymy,广东三乘云网络科技有限公司
1335053119,6597335,珠江桥牌 酱油 特级鲜酱油 天然酿晒特级酱油 出口装 1000ml 广东老字号,24,18.9,453.6,已发货,2026-05-25 00:00:00,上海,gzscymy,广东三乘云网络科技有限公司
1335053120,3478323,珠江桥牌特级头抽酱油 出口品质头道酿造0防腐剂甜味剂300ml广东老字号,36,16.8,604.8,已发货,2026-04-29 00:00:00,广州,gzscymy,广东三乘云网络科技有限公司
1335053121,6597335,珠江桥牌 酱油 特级鲜酱油 天然酿晒特级酱油 出口装 1000ml 广东老字号,24,18.9,453.6,已完成,2026-04-24 00:00:00,广州,gzscymy,广东三乘云网络科技有限公司
1335053122,3908750,珠江桥牌 酱油 金标生抽王 0添加味精凉拌蘸料出口装 500ml 广东老字号,24,7.8,187.2,已发货,2026-05-29 00:00:00,成都,gzscymy,广东三乘云网络科技有限公司
1335053123,6597335,珠江桥牌 酱油 特级鲜酱油 天然酿晒特级酱油 出口装 1000ml 广东老字号,24,18.9,453.6,已完成,2026-04-20 00:00:00,北京,gzscymy,广东三乘云网络科技有限公司
1335053124,6597335,珠江桥牌 酱油 特级鲜酱油 天然酿晒特级酱油 出口装 1000ml 广东老字号,36,18.9,680.4,已完成,2026-06-11 00:00:00,郑州,gzscymy,广东三乘云网络科技有限公司
1335053125,3908750,珠江桥牌 酱油 金标生抽王 0添加味精凉拌蘸料出口装 500ml 广东老字号,96,7.8,748.8,待发货,2026-05-22 00:00:00,上海,gzscymy,广东三乘云网络科技有限公司
1335053126,100034465497,珠江桥牌 白灼汁 0脂肪白灼捞拌汁 凉拌蒸鱼海鲜捞汁 300ml 广东老字号,36,9.9,356.4,已完成,2026-05-08 00:00:00,武汉,gzscymy,广东三乘云网络科技有限公司
1335053127,3478323,珠江桥牌特级头抽酱油 出口品质头道酿造0防腐剂甜味剂300ml广东老字号,12,16.8,201.6,待发货,2026-05-18 00:00:00,沈阳,gzscymy,广东三乘云网络科技有限公司
1335053128,100009878741,珠江桥牌 柱侯酱 叉烧腌肉烧烤焖肉酱 调味酱柱候酱240g 广东老字号,96,8.79,843.84,已完成,2026-05-03 00:00:00,上海,gzscymy,广东三乘云网络科技有限公司
1335053129,3478323,珠江桥牌特级头抽酱油 出口品质头道酿造0防腐剂甜味剂300ml广东老字号,12,16.8,201.6,已完成,2026-06-02 00:00:00,成都,gzscymy,广东三乘云网络科技有限公司
1335053130,3908750,珠江桥牌 酱油 金标生抽王 0添加味精凉拌蘸料出口装 500ml 广东老字号,6,7.8,46.8,已完成,2026-05-18 00:00:00,广州,gzscymy,广东三乘云网络科技有限公司
1335053131,100042633181,珠江桥牌 金装御品蚝油 0防腐剂45%蚝汁含量出口品质挤瓶250g 广东老字号,36,13.5,486.0,已完成,2026-05-29 00:00:00,西安,gzscymy,广东三乘云网络科技有限公司
1335053132,100002671076,珠江桥牌 调味酱 蘑菇牛肉酱 香菇下饭菜拌饭拌面火锅蘸料230g 广东老字号,24,13.4,321.6,已完成,2026-05-27 00:00:00,武汉,gzscymy,广东三乘云网络科技有限公司
1335053133,100034465497,珠江桥牌 白灼汁 0脂肪白灼捞拌汁 凉拌蒸鱼海鲜捞汁 300ml 广东老字号,12,9.9,118.8,待发货,2026-05-25 00:00:00,西安,gzscymy,广东三乘云网络科技有限公司
1335053134,100001106229,珠江桥牌 调味料 姜豉豆豉 出口装0添加防腐剂 阳江特产 300g 广东老字号,48,11.9,571.2,已完成,2026-04-26 00:00:00,西安,gzscymy,广东三乘云网络科技有限公司
1335053135,3478323,珠江桥牌特级头抽酱油 出口品质头道酿造0防腐剂甜味剂300ml广东老字号,24,16.8,403.2,已完成,2026-05-01 00:00:00,成都,gzscymy,广东三乘云网络科技有限公司
1335053136,100034465497,珠江桥牌 白灼汁 0脂肪白灼捞拌汁 凉拌蒸鱼海鲜捞汁 300ml 广东老字号,4,9.9,39.6,已完成,2026-05-23 00:00:00,武汉,gzscymy,广东三乘云网络科技有限公司
1335053137,100002671076,珠江桥牌 调味酱 蘑菇牛肉酱 香菇下饭菜拌饭拌面火锅蘸料230g 广东老字号,12,13.4,160.8,已完成,2026-05-10 00:00:00,西安,gzscymy,广东三乘云网络科技有限公司
1335053138,3908750,珠江桥牌 酱油 金标生抽王 0添加味精凉拌蘸料出口装 500ml 广东老字号,96,7.8,748.8,已完成,2026-06-01 00:00:00,上海,gzscymy,广东三乘云网络科技有限公司
1335053139,3908750,珠江桥牌 酱油 金标生抽王 0添加味精凉拌蘸料出口装 500ml 广东老字号,24,7.8,187.2,已完成,2026-06-13 00:00:00,西安,gzscymy,广东三乘云网络科技有限公司
1335053140,6597335,珠江桥牌 酱油 特级鲜酱油 天然酿晒特级酱油 出口装 1000ml 广东老字号,36,18.9,680.4,已完成,2026-04-22 00:00:00,武汉,gzscymy,广东三乘云网络科技有限公司
1335053141,3478323,珠江桥牌特级头抽酱油 出口品质头道酿造0防腐剂甜味剂300ml广东老字号,96,16.8,1612.8,已完成,2026-05-26 00:00:00,广州,gzscymy,广东三乘云网络科技有限公司
1335053142,100002671076,珠江桥牌 调味酱 蘑菇牛肉酱 香菇下饭菜拌饭拌面火锅蘸料230g 广东老字号,12,13.4,160.8,已完成,2026-04-26 00:00:00,北京,gzscymy,广东三乘云网络科技有限公司
1335053143,3908750,珠江桥牌 酱油 金标生抽王 0添加味精凉拌蘸料出口装 500ml 广东老字号,24,7.8,187.2,已完成,2026-06-06 00:00:00,成都,gzscymy,广东三乘云网络科技有限公司
1335053144,6597335,珠江桥牌 酱油 特级鲜酱油 天然酿晒特级酱油 出口装 1000ml 广东老字号,48,18.9,907.2,已完成,2026-06-03 00:00:00,沈阳,gzscymy,广东三乘云网络科技有限公司
1335053145,3478323,珠江桥牌特级头抽酱油 出口品质头道酿造0防腐剂甜味剂300ml广东老字号,36,16.8,604.8,已完成,2026-04-20 00:00:00,武汉,gzscymy,广东三乘云网络科技有限公司
1335053146,3908750,珠江桥牌 酱油 金标生抽王 0添加味精凉拌蘸料出口装 500ml 广东老字号,6,7.8,46.8,已完成,2026-05-24 00:00:00,武汉,gzscymy,广东三乘云网络科技有限公司
1335053147,6597335,珠江桥牌 酱油 特级鲜酱油 天然酿晒特级酱油 出口装 1000ml 广东老字号,12,18.9,226.8,已完成,2026-05-18 00:00:00,武汉,gzscymy,广东三乘云网络科技有限公司
1335053148,3908750,珠江桥牌 酱油 金标生抽王 0添加味精凉拌蘸料出口装 500ml 广东老字号,96,7.8,748.8,已完成,2026-06-01 00:00:00,西安,gzscymy,广东三乘云网络科技有限公司
1335053149,100034465497,珠江桥牌 白灼汁 0脂肪白灼捞拌汁 凉拌蒸鱼海鲜捞汁 300ml 广东老字号,4,9.9,39.6,已完成,2026-05-22 00:00:00,广州,gzscymy,广东三乘云网络科技有限公司
1335053150,100034465497,珠江桥牌 白灼汁 0脂肪白灼捞拌汁 凉拌蒸鱼海鲜捞汁 300ml 广东老字号,48,9.9,475.2,已完成,2026-04-29 00:00:00,广州,gzscymy,广东三乘云网络科技有限公司
1335053151,3478323,珠江桥牌特级头抽酱油 出口品质头道酿造0防腐剂甜味剂300ml广东老字号,96,16.8,1612.8,已完成,2026-05-16 00:00:00,沈阳,gzscymy,广东三乘云网络科技有限公司
1335053152,100034465497,珠江桥牌 白灼汁 0脂肪白灼捞拌汁 凉拌蒸鱼海鲜捞汁 300ml 广东老字号,48,9.9,475.2,已完成,2026-04-17 00:00:00,广州,gzscymy,广东三乘云网络科技有限公司
1335053153,6597335,珠江桥牌 酱油 特级鲜酱油 天然酿晒特级酱油 出口装 1000ml 广东老字号,36,18.9,680.4,已完成,2026-04-17 00:00:00,成都,gzscymy,广东三乘云网络科技有限公司
1335053154,3478323,珠江桥牌特级头抽酱油 出口品质头道酿造0防腐剂甜味剂300ml广东老字号,12,16.8,201.6,待发货,2026-06-07 00:00:00,广州,gzscymy,广东三乘云网络科技有限公司
1335053155,6597335,珠江桥牌 酱油 特级鲜酱油 天然酿晒特级酱油 出口装 1000ml 广东老字号,12,18.9,226.8,已完成,2026-05-02 00:00:00,武汉,gzscymy,广东三乘云网络科技有限公司
1335053156,100009878741,珠江桥牌 柱侯酱 叉烧腌肉烧烤焖肉酱 调味酱柱候酱240g 广东老字号,36,8.79,316.44,已完成,2026-06-05 00:00:00,成都,gzscymy,广东三乘云网络科技有限公司
1335053157,6597335,珠江桥牌 酱油 特级鲜酱油 天然酿晒特级酱油 出口装 1000ml 广东老字号,6,18.9,113.4,已完成,2026-04-25 00:00:00,上海,gzscymy,广东三乘云网络科技有限公司
1335053158,3908750,珠江桥牌 酱油 金标生抽王 0添加味精凉拌蘸料出口装 500ml 广东老字号,12,7.8,93.6,已完成,2026-05-10 00:00:00,上海,gzscymy,广东三乘云网络科技有限公司
1335053159,6597335,珠江桥牌 酱油 特级鲜酱油 天然酿晒特级酱油 出口装 1000ml 广东老字号,36,18.9,680.4,已完成,2026-06-09 00:00:00,郑州,gzscymy,广东三乘云网络科技有限公司
1335053160,3478323,珠江桥牌特级头抽酱油 出口品质头道酿造0防腐剂甜味剂300ml广东老字号,36,16.8,604.8,已完成,2026-05-14 00:00:00,沈阳,gzscymy,广东三乘云网络科技有限公司
1335053161,100034465497,珠江桥牌 白灼汁 0脂肪白灼捞拌汁 凉拌蒸鱼海鲜捞汁 300ml 广东老字号,96,9.9,950.4,待发货,2026-05-26 00:00:00,西安,gzscymy,广东三乘云网络科技有限公司
1335053162,6597335,珠江桥牌 酱油 特级鲜酱油 天然酿晒特级酱油 出口装 1000ml 广东老字号,12,18.9,226.8,已完成,2026-05-08 00:00:00,武汉,gzscymy,广东三乘云网络科技有限公司
1335053163,100009878741,珠江桥牌 柱侯酱 叉烧腌肉烧烤焖肉酱 调味酱柱候酱240g 广东老字号,6,8.79,52.74,已完成,2026-05-11 00:00:00,武汉,gzscymy,广东三乘云网络科技有限公司
1335053164,3478323,珠江桥牌特级头抽酱油 出口品质头道酿造0防腐剂甜味剂300ml广东老字号,96,16.8,1612.8,已完成,2026-05-20 00:00:00,沈阳,gzscymy,广东三乘云网络科技有限公司
1335053165,100009878741,珠江桥牌 柱侯酱 叉烧腌肉烧烤焖肉酱 调味酱柱候酱240g 广东老字号,48,8.79,421.92,待发货,2026-04-24 00:00:00,西安,gzscymy,广东三乘云网络科技有限公司
1335053166,6597335,珠江桥牌 酱油 特级鲜酱油 天然酿晒特级酱油 出口装 1000ml 广东老字号,48,18.9,907.2,已完成,2026-06-05 00:00:00,郑州,gzscymy,广东三乘云网络科技有限公司
1335053167,6597335,珠江桥牌 酱油 特级鲜酱油 天然酿晒特级酱油 出口装 1000ml 广东老字号,4,18.9,75.6,待发货,2026-05-26 00:00:00,西安,gzscymy,广东三乘云网络科技有限公司
1335053168,3478323,珠江桥牌特级头抽酱油 出口品质头道酿造0防腐剂甜味剂300ml广东老字号,6,16.8,100.8,已完成,2026-04-19 00:00:00,沈阳,gzscymy,广东三乘云网络科技有限公司
1335053169,100034465497,珠江桥牌 白灼汁 0脂肪白灼捞拌汁 凉拌蒸鱼海鲜捞汁 300ml 广东老字号,24,9.9,237.6,已完成,2026-05-18 00:00:00,武汉,gzscymy,广东三乘云网络科技有限公司
1335053170,100009878741,珠江桥牌 柱侯酱 叉烧腌肉烧烤焖肉酱 调味酱柱候酱240g 广东老字号,12,8.79,105.48,已完成,2026-05-10 00:00:00,沈阳,gzscymy,广东三乘云网络科技有限公司
1335053171,100001106229,珠江桥牌 调味料 姜豉豆豉 出口装0添加防腐剂 阳江特产 300g 广东老字号,48,11.9,571.2,已完成,2026-06-06 00:00:00,上海,gzscymy,广东三乘云网络科技有限公司
1335053172,3908750,珠江桥牌 酱油 金标生抽王 0添加味精凉拌蘸料出口装 500ml 广东老字号,12,7.8,93.6,已完成,2026-06-12 00:00:00,武汉,gzscymy,广东三乘云网络科技有限公司
1335053173,100001106229,珠江桥牌 调味料 姜豉豆豉 出口装0添加防腐剂 阳江特产 300g 广东老字号,4,11.9,47.6,已完成,2026-05-15 00:00:00,西安,gzscymy,广东三乘云网络科技有限公司
1335053174,100009878741,珠江桥牌 柱侯酱 叉烧腌肉烧烤焖肉酱 调味酱柱候酱240g 广东老字号,48,8.79,421.92,已完成,2026-05-07 00:00:00,上海,gzscymy,广东三乘云网络科技有限公司
1335053175,100001106229,珠江桥牌 调味料 姜豉豆豉 出口装0添加防腐剂 阳江特产 300g 广东老字号,36,11.9,428.4,已完成,2026-05-14 00:00:00,成都,gzscymy,广东三乘云网络科技有限公司
1335053176,100042633181,珠江桥牌 金装御品蚝油 0防腐剂45%蚝汁含量出口品质挤瓶250g 广东老字号,36,13.5,486.0,待发货,2026-05-24 00:00:00,成都,gzscymy,广东三乘云网络科技有限公司
1335053177,100034465497,珠江桥牌 白灼汁 0脂肪白灼捞拌汁 凉拌蒸鱼海鲜捞汁 300ml 广东老字号,4,9.9,39.6,已完成,2026-05-10 00:00:00,沈阳,gzscymy,广东三乘云网络科技有限公司
1335053178,3908750,珠江桥牌 酱油 金标生抽王 0添加味精凉拌蘸料出口装 500ml 广东老字号,96,7.8,748.8,已完成,2026-06-01 00:00:00,武汉,gzscymy,广东三乘云网络科技有限公司
1335053179,100042633181,珠江桥牌 金装御品蚝油 0防腐剂45%蚝汁含量出口品质挤瓶250g 广东老字号,36,13.5,486.0,已完成,2026-05-26 00:00:00,西安,gzscymy,广东三乘云网络科技有限公司
1335053180,3478323,珠江桥牌特级头抽酱油 出口品质头道酿造0防腐剂甜味剂300ml广东老字号,4,16.8,67.2,已完成,2026-05-05 00:00:00,郑州,gzscymy,广东三乘云网络科技有限公司
1335053181,100002671076,珠江桥牌 调味酱 蘑菇牛肉酱 香菇下饭菜拌饭拌面火锅蘸料230g 广东老字号,4,13.4,53.6,已完成,2026-04-17 00:00:00,沈阳,gzscymy,广东三乘云网络科技有限公司
1335053182,100042633181,珠江桥牌 金装御品蚝油 0防腐剂45%蚝汁含量出口品质挤瓶250g 广东老字号,96,13.5,1296.0,待发货,2026-04-29 00:00:00,武汉,gzscymy,广东三乘云网络科技有限公司
1335053183,100009878741,珠江桥牌 柱侯酱 叉烧腌肉烧烤焖肉酱 调味酱柱候酱240g 广东老字号,96,8.79,843.84,已完成,2026-04-23 00:00:00,成都,gzscymy,广东三乘云网络科技有限公司
1335053184,3908750,珠江桥牌 酱油 金标生抽王 0添加味精凉拌蘸料出口装 500ml 广东老字号,48,7.8,374.4,已完成,2026-06-12 00:00:00,武汉,gzscymy,广东三乘云网络科技有限公司
1335053185,100042633181,珠江桥牌 金装御品蚝油 0防腐剂45%蚝汁含量出口品质挤瓶250g 广东老字号,4,13.5,54.0,已完成,2026-06-08 00:00:00,沈阳,gzscymy,广东三乘云网络科技有限公司
1335053186,100001106229,珠江桥牌 调味料 姜豉豆豉 出口装0添加防腐剂 阳江特产 300g 广东老字号,48,11.9,571.2,已完成,2026-04-20 00:00:00,北京,gzscymy,广东三乘云网络科技有限公司
1335053187,6597335,珠江桥牌 酱油 特级鲜酱油 天然酿晒特级酱油 出口装 1000ml 广东老字号,6,18.9,113.4,已完成,2026-04-30 00:00:00,成都,gzscymy,广东三乘云网络科技有限公司
1335053188,100001106229,珠江桥牌 调味料 姜豉豆豉 出口装0添加防腐剂 阳江特产 300g 广东老字号,4,11.9,47.6,已完成,2026-06-15 00:00:00,北京,gzscymy,广东三乘云网络科技有限公司
1335053189,6597335,珠江桥牌 酱油 特级鲜酱油 天然酿晒特级酱油 出口装 1000ml 广东老字号,6,18.9,113.4,已完成,2026-05-25 00:00:00,广州,gzscymy,广东三乘云网络科技有限公司
1335053190,3908750,珠江桥牌 酱油 金标生抽王 0添加味精凉拌蘸料出口装 500ml 广东老字号,48,7.8,374.4,已完成,2026-06-11 00:00:00,成都,gzscymy,广东三乘云网络科技有限公司
1335053191,6597335,珠江桥牌 酱油 特级鲜酱油 天然酿晒特级酱油 出口装 1000ml 广东老字号,24,18.9,453.6,已发货,2026-05-24 00:00:00,上海,gzscymy,广东三乘云网络科技有限公司
1335053192,3478323,珠江桥牌特级头抽酱油 出口品质头道酿造0防腐剂甜味剂300ml广东老字号,48,16.8,806.4,已完成,2026-06-14 00:00:00,北京,gzscymy,广东三乘云网络科技有限公司
1335053193,100034465497,珠江桥牌 白灼汁 0脂肪白灼捞拌汁 凉拌蒸鱼海鲜捞汁 300ml 广东老字号,12,9.9,118.8,待发货,2026-06-14 00:00:00,西安,gzscymy,广东三乘云网络科技有限公司
1335053194,6597335,珠江桥牌 酱油 特级鲜酱油 天然酿晒特级酱油 出口装 1000ml 广东老字号,24,18.9,453.6,已完成,2026-05-15 00:00:00,郑州,gzscymy,广东三乘云网络科技有限公司
1335053195,100042633181,珠江桥牌 金装御品蚝油 0防腐剂45%蚝汁含量出口品质挤瓶250g 广东老字号,96,13.5,1296.0,已完成,2026-06-02 00:00:00,广州,gzscymy,广东三乘云网络科技有限公司
1335053196,100001106229,珠江桥牌 调味料 姜豉豆豉 出口装0添加防腐剂 阳江特产 300g 广东老字号,12,11.9,142.8,已完成,2026-06-11 00:00:00,上海,gzscymy,广东三乘云网络科技有限公司
1335053197,6597335,珠江桥牌 酱油 特级鲜酱油 天然酿晒特级酱油 出口装 1000ml 广东老字号,96,18.9,1814.4,已完成,2026-06-12 00:00:00,沈阳,gzscymy,广东三乘云网络科技有限公司
1335053198,100002671076,珠江桥牌 调味酱 蘑菇牛肉酱 香菇下饭菜拌饭拌面火锅蘸料230g 广东老字号,4,13.4,53.6,已完成,2026-05-29 00:00:00,上海,gzscymy,广东三乘云网络科技有限公司
1335053199,100034465497,珠江桥牌 白灼汁 0脂肪白灼捞拌汁 凉拌蒸鱼海鲜捞汁 300ml 广东老字号,4,9.9,39.6,已完成,2026-05-07 00:00:00,西安,gzscymy,广东三乘云网络科技有限公司
1335053200,100034465497,珠江桥牌 白灼汁 0脂肪白灼捞拌汁 凉拌蒸鱼海鲜捞汁 300ml 广东老字号,36,9.9,356.4,已完成,2026-05-07 00:00:00,武汉,gzscymy,广东三乘云网络科技有限公司
1335053201,3908750,珠江桥牌 酱油 金标生抽王 0添加味精凉拌蘸料出口装 500ml 广东老字号,12,7.8,93.6,已完成,2026-05-04 00:00:00,郑州,gzscymy,广东三乘云网络科技有限公司
1335053202,3478323,珠江桥牌特级头抽酱油 出口品质头道酿造0防腐剂甜味剂300ml广东老字号,4,16.8,67.2,已完成,2026-04-19 00:00:00,郑州,gzscymy,广东三乘云网络科技有限公司
1335053203,3908750,珠江桥牌 酱油 金标生抽王 0添加味精凉拌蘸料出口装 500ml 广东老字号,36,7.8,280.8,已完成,2026-06-11 00:00:00,郑州,gzscymy,广东三乘云网络科技有限公司
1335053204,100034465497,珠江桥牌 白灼汁 0脂肪白灼捞拌汁 凉拌蒸鱼海鲜捞汁 300ml 广东老字号,6,9.9,59.4,已完成,2026-05-26 00:00:00,北京,gzscymy,广东三乘云网络科技有限公司
1335053205,100042633181,珠江桥牌 金装御品蚝油 0防腐剂45%蚝汁含量出口品质挤瓶250g 广东老字号,96,13.5,1296.0,已完成,2026-06-04 00:00:00,郑州,gzscymy,广东三乘云网络科技有限公司
1335053206,3908750,珠江桥牌 酱油 金标生抽王 0添加味精凉拌蘸料出口装 500ml 广东老字号,6,7.8,46.8,待发货,2026-04-30 00:00:00,西安,gzscymy,广东三乘云网络科技有限公司
1335053207,100034465497,珠江桥牌 白灼汁 0脂肪白灼捞拌汁 凉拌蒸鱼海鲜捞汁 300ml 广东老字号,12,9.9,118.8,已完成,2026-05-09 00:00:00,武汉,gzscymy,广东三乘云网络科技有限公司
1335053208,100034465497,珠江桥牌 白灼汁 0脂肪白灼捞拌汁 凉拌蒸鱼海鲜捞汁 300ml 广东老字号,6,9.9,59.4,待发货,2026-05-06 00:00:00,北京,gzscymy,广东三乘云网络科技有限公司
1335053209,100001106229,珠江桥牌 调味料 姜豉豆豉 出口装0添加防腐剂 阳江特产 300g 广东老字号,4,11.9,47.6,已完成,2026-05-26 00:00:00,西安,gzscymy,广东三乘云网络科技有限公司
1335053210,6597335,珠江桥牌 酱油 特级鲜酱油 天然酿晒特级酱油 出口装 1000ml 广东老字号,36,18.9,680.4,已完成,2026-05-05 00:00:00,北京,gzscymy,广东三乘云网络科技有限公司
1335053211,100034465497,珠江桥牌 白灼汁 0脂肪白灼捞拌汁 凉拌蒸鱼海鲜捞汁 300ml 广东老字号,12,9.9,118.8,已完成,2026-06-02 00:00:00,北京,gzscymy,广东三乘云网络科技有限公司
1335053212,3478323,珠江桥牌特级头抽酱油 出口品质头道酿造0防腐剂甜味剂300ml广东老字号,12,16.8,201.6,已完成,2026-05-27 00:00:00,西安,gzscymy,广东三乘云网络科技有限公司
1335053213,100034465497,珠江桥牌 白灼汁 0脂肪白灼捞拌汁 凉拌蒸鱼海鲜捞汁 300ml 广东老字号,12,9.9,118.8,已完成,2026-05-01 00:00:00,广州,gzscymy,广东三乘云网络科技有限公司
1335053214,100009878741,珠江桥牌 柱侯酱 叉烧腌肉烧烤焖肉酱 调味酱柱候酱240g 广东老字号,48,8.79,421.92,已完成,2026-04-30 00:00:00,沈阳,gzscymy,广东三乘云网络科技有限公司
1335053215,100042633181,珠江桥牌 金装御品蚝油 0防腐剂45%蚝汁含量出口品质挤瓶250g 广东老字号,12,13.5,162.0,已发货,2026-06-13 00:00:00,广州,gzscymy,广东三乘云网络科技有限公司
1335053216,3478323,珠江桥牌特级头抽酱油 出口品质头道酿造0防腐剂甜味剂300ml广东老字号,96,16.8,1612.8,已完成,2026-05-08 00:00:00,西安,gzscymy,广东三乘云网络科技有限公司
1335053217,3908750,珠江桥牌 酱油 金标生抽王 0添加味精凉拌蘸料出口装 500ml 广东老字号,48,7.8,374.4,已完成,2026-05-26 00:00:00,西安,gzscymy,广东三乘云网络科技有限公司
1335053218,6597335,珠江桥牌 酱油 特级鲜酱油 天然酿晒特级酱油 出口装 1000ml 广东老字号,6,18.9,113.4,已完成,2026-05-25 00:00:00,郑州,gzscymy,广东三乘云网络科技有限公司
1335053219,3908750,珠江桥牌 酱油 金标生抽王 0添加味精凉拌蘸料出口装 500ml 广东老字号,36,7.8,280.8,已完成,2026-06-13 00:00:00,上海,gzscymy,广东三乘云网络科技有限公司
1335053220,100002671076,珠江桥牌 调味酱 蘑菇牛肉酱 香菇下饭菜拌饭拌面火锅蘸料230g 广东老字号,48,13.4,643.2,待发货,2026-04-21 00:00:00,郑州,gzscymy,广东三乘云网络科技有限公司
1335053221,3478323,珠江桥牌特级头抽酱油 出口品质头道酿造0防腐剂甜味剂300ml广东老字号,96,16.8,1612.8,已完成,2026-05-18 00:00:00,武汉,gzscymy,广东三乘云网络科技有限公司
1335053222,3908750,珠江桥牌 酱油 金标生抽王 0添加味精凉拌蘸料出口装 500ml 广东老字号,6,7.8,46.8,已发货,2026-05-13 00:00:00,郑州,gzscymy,广东三乘云网络科技有限公司
1335053223,100002671076,珠江桥牌 调味酱 蘑菇牛肉酱 香菇下饭菜拌饭拌面火锅蘸料230g 广东老字号,36,13.4,482.4,已完成,2026-05-15 00:00:00,西安,gzscymy,广东三乘云网络科技有限公司
1335053224,3478323,珠江桥牌特级头抽酱油 出口品质头道酿造0防腐剂甜味剂300ml广东老字号,24,16.8,403.2,已完成,2026-05-14 00:00:00,成都,gzscymy,广东三乘云网络科技有限公司
1335053225,100034465497,珠江桥牌 白灼汁 0脂肪白灼捞拌汁 凉拌蒸鱼海鲜捞汁 300ml 广东老字号,24,9.9,237.6,已完成,2026-05-13 00:00:00,北京,gzscymy,广东三乘云网络科技有限公司
1335053226,100001106229,珠江桥牌 调味料 姜豉豆豉 出口装0添加防腐剂 阳江特产 300g 广东老字号,4,11.9,47.6,已发货,2026-04-20 00:00:00,广州,gzscymy,广东三乘云网络科技有限公司
1335053227,3908750,珠江桥牌 酱油 金标生抽王 0添加味精凉拌蘸料出口装 500ml 广东老字号,4,7.8,31.2,已完成,2026-06-14 00:00:00,沈阳,gzscymy,广东三乘云网络科技有限公司
1335053228,100001106229,珠江桥牌 调味料 姜豉豆豉 出口装0添加防腐剂 阳江特产 300g 广东老字号,24,11.9,285.6,已完成,2026-05-27 00:00:00,成都,gzscymy,广东三乘云网络科技有限公司
1335053229,3908750,珠江桥牌 酱油 金标生抽王 0添加味精凉拌蘸料出口装 500ml 广东老字号,12,7.8,93.6,已完成,2026-06-06 00:00:00,郑州,gzscymy,广东三乘云网络科技有限公司
1335053230,6597335,珠江桥牌 酱油 特级鲜酱油 天然酿晒特级酱油 出口装 1000ml 广东老字号,48,18.9,907.2,已完成,2026-04-19 00:00:00,沈阳,gzscymy,广东三乘云网络科技有限公司
1335053231,100009878741,珠江桥牌 柱侯酱 叉烧腌肉烧烤焖肉酱 调味酱柱候酱240g 广东老字号,6,8.79,52.74,已完成,2026-05-11 00:00:00,广州,gzscymy,广东三乘云网络科技有限公司
1335053232,100034465497,珠江桥牌 白灼汁 0脂肪白灼捞拌汁 凉拌蒸鱼海鲜捞汁 300ml 广东老字号,36,9.9,356.4,已完成,2026-04-30 00:00:00,西安,gzscymy,广东三乘云网络科技有限公司
1335053233,100042633181,珠江桥牌 金装御品蚝油 0防腐剂45%蚝汁含量出口品质挤瓶250g 广东老字号,24,13.5,324.0,已完成,2026-04-21 00:00:00,沈阳,gzscymy,广东三乘云网络科技有限公司
1335053234,3478323,珠江桥牌特级头抽酱油 出口品质头道酿造0防腐剂甜味剂300ml广东老字号,96,16.8,1612.8,已完成,2026-05-11 00:00:00,上海,gzscymy,广东三乘云网络科技有限公司
1335053235,6597335,珠江桥牌 酱油 特级鲜酱油 天然酿晒特级酱油 出口装 1000ml 广东老字号,48,18.9,907.2,待发货,2026-04-18 00:00:00,成都,gzscymy,广东三乘云网络科技有限公司
1335053236,100009878741,珠江桥牌 柱侯酱 叉烧腌肉烧烤焖肉酱 调味酱柱候酱240g 广东老字号,48,8.79,421.92,已完成,2026-06-10 00:00:00,成都,gzscymy,广东三乘云网络科技有限公司
1335053237,6597335,珠江桥牌 酱油 特级鲜酱油 天然酿晒特级酱油 出口装 1000ml 广东老字号,12,18.9,226.8,已完成,2026-05-16 00:00:00,北京,gzscymy,广东三乘云网络科技有限公司
1335053238,100034465497,珠江桥牌 白灼汁 0脂肪白灼捞拌汁 凉拌蒸鱼海鲜捞汁 300ml 广东老字号,4,9.9,39.6,已完成,2026-06-13 00:00:00,西安,gzscymy,广东三乘云网络科技有限公司
1335053239,3478323,珠江桥牌特级头抽酱油 出口品质头道酿造0防腐剂甜味剂300ml广东老字号,24,16.8,403.2,已完成,2026-05-30 00:00:00,武汉,gzscymy,广东三乘云网络科技有限公司
1335053240,100034465497,珠江桥牌 白灼汁 0脂肪白灼捞拌汁 凉拌蒸鱼海鲜捞汁 300ml 广东老字号,36,9.9,356.4,已完成,2026-05-11 00:00:00,沈阳,gzscymy,广东三乘云网络科技有限公司
1335053241,6597335,珠江桥牌 酱油 特级鲜酱油 天然酿晒特级酱油 出口装 1000ml 广东老字号,36,18.9,680.4,已完成,2026-05-24 00:00:00,广州,gzscymy,广东三乘云网络科技有限公司
1335053242,100034465497,珠江桥牌 白灼汁 0脂肪白灼捞拌汁 凉拌蒸鱼海鲜捞汁 300ml 广东老字号,12,9.9,118.8,已完成,2026-05-17 00:00:00,郑州,gzscymy,广东三乘云网络科技有限公司
1335053243,100009878741,珠江桥牌 柱侯酱 叉烧腌肉烧烤焖肉酱 调味酱柱候酱240g 广东老字号,36,8.79,316.44,已完成,2026-06-11 00:00:00,北京,gzscymy,广东三乘云网络科技有限公司
1335053244,100042633181,珠江桥牌 金装御品蚝油 0防腐剂45%蚝汁含量出口品质挤瓶250g 广东老字号,6,13.5,81.0,已完成,2026-06-02 00:00:00,沈阳,gzscymy,广东三乘云网络科技有限公司
1335053245,3478323,珠江桥牌特级头抽酱油 出口品质头道酿造0防腐剂甜味剂300ml广东老字号,24,16.8,403.2,已完成,2026-05-09 00:00:00,北京,gzscymy,广东三乘云网络科技有限公司
1335053246,6597335,珠江桥牌 酱油 特级鲜酱油 天然酿晒特级酱油 出口装 1000ml 广东老字号,12,18.9,226.8,已完成,2026-06-03 00:00:00,广州,gzscymy,广东三乘云网络科技有限公司
1335053247,6597335,珠江桥牌 酱油 特级鲜酱油 天然酿晒特级酱油 出口装 1000ml 广东老字号,4,18.9,75.6,已完成,2026-05-18 00:00:00,北京,gzscymy,广东三乘云网络科技有限公司
1335053248,100002671076,珠江桥牌 调味酱 蘑菇牛肉酱 香菇下饭菜拌饭拌面火锅蘸料230g 广东老字号,96,13.4,1286.4,待发货,2026-06-06 00:00:00,郑州,gzscymy,广东三乘云网络科技有限公司
1335053249,6597335,珠江桥牌 酱油 特级鲜酱油 天然酿晒特级酱油 出口装 1000ml 广东老字号,24,18.9,453.6,已完成,2026-04-30 00:00:00,北京,gzscymy,广东三乘云网络科技有限公司
1335053250,6597335,珠江桥牌 酱油 特级鲜酱油 天然酿晒特级酱油 出口装 1000ml 广东老字号,4,18.9,75.6,已发货,2026-05-18 00:00:00,沈阳,gzscymy,广东三乘云网络科技有限公司
1335053251,100034465497,珠江桥牌 白灼汁 0脂肪白灼捞拌汁 凉拌蒸鱼海鲜捞汁 300ml 广东老字号,24,9.9,237.6,已完成,2026-05-21 00:00:00,西安,gzscymy,广东三乘云网络科技有限公司
1335053252,100034465497,珠江桥牌 白灼汁 0脂肪白灼捞拌汁 凉拌蒸鱼海鲜捞汁 300ml 广东老字号,48,9.9,475.2,已完成,2026-05-19 00:00:00,郑州,gzscymy,广东三乘云网络科技有限公司
1335053253,100034465497,珠江桥牌 白灼汁 0脂肪白灼捞拌汁 凉拌蒸鱼海鲜捞汁 300ml 广东老字号,4,9.9,39.6,已完成,2026-06-01 00:00:00,武汉,gzscymy,广东三乘云网络科技有限公司
1335053254,3908750,珠江桥牌 酱油 金标生抽王 0添加味精凉拌蘸料出口装 500ml 广东老字号,4,7.8,31.2,已完成,2026-05-17 00:00:00,北京,gzscymy,广东三乘云网络科技有限公司
1335053255,6597335,珠江桥牌 酱油 特级鲜酱油 天然酿晒特级酱油 出口装 1000ml 广东老字号,6,18.9,113.4,已完成,2026-05-26 00:00:00,西安,gzscymy,广东三乘云网络科技有限公司
1335053256,100002671076,珠江桥牌 调味酱 蘑菇牛肉酱 香菇下饭菜拌饭拌面火锅蘸料230g 广东老字号,6,13.4,80.4,已完成,2026-05-11 00:00:00,武汉,gzscymy,广东三乘云网络科技有限公司
1335053257,6597335,珠江桥牌 酱油 特级鲜酱油 天然酿晒特级酱油 出口装 1000ml 广东老字号,4,18.9,75.6,已完成,2026-05-09 00:00:00,沈阳,gzscymy,广东三乘云网络科技有限公司
1335053258,100034465497,珠江桥牌 白灼汁 0脂肪白灼捞拌汁 凉拌蒸鱼海鲜捞汁 300ml 广东老字号,24,9.9,237.6,已发货,2026-05-14 00:00:00,武汉,gzscymy,广东三乘云网络科技有限公司
1335053259,6597335,珠江桥牌 酱油 特级鲜酱油 天然酿晒特级酱油 出口装 1000ml 广东老字号,48,18.9,907.2,已完成,2026-06-11 00:00:00,武汉,gzscymy,广东三乘云网络科技有限公司
1335053260,100042633181,珠江桥牌 金装御品蚝油 0防腐剂45%蚝汁含量出口品质挤瓶250g 广东老字号,4,13.5,54.0,已完成,2026-05-20 00:00:00,郑州,gzscymy,广东三乘云网络科技有限公司
1335053261,100034465497,珠江桥牌 白灼汁 0脂肪白灼捞拌汁 凉拌蒸鱼海鲜捞汁 300ml 广东老字号,12,9.9,118.8,已完成,2026-05-27 00:00:00,上海,gzscymy,广东三乘云网络科技有限公司
1335053262,100009878741,珠江桥牌 柱侯酱 叉烧腌肉烧烤焖肉酱 调味酱柱候酱240g 广东老字号,6,8.79,52.74,已完成,2026-05-25 00:00:00,武汉,gzscymy,广东三乘云网络科技有限公司
1335053263,100001106229,珠江桥牌 调味料 姜豉豆豉 出口装0添加防腐剂 阳江特产 300g 广东老字号,4,11.9,47.6,已完成,2026-04-22 00:00:00,西安,gzscymy,广东三乘云网络科技有限公司
1335053264,3478323,珠江桥牌特级头抽酱油 出口品质头道酿造0防腐剂甜味剂300ml广东老字号,36,16.8,604.8,已完成,2026-05-11 00:00:00,武汉,gzscymy,广东三乘云网络科技有限公司
1335053265,100042633181,珠江桥牌 金装御品蚝油 0防腐剂45%蚝汁含量出口品质挤瓶250g 广东老字号,24,13.5,324.0,待发货,2026-05-14 00:00:00,武汉,gzscymy,广东三乘云网络科技有限公司
1335053266,6597335,珠江桥牌 酱油 特级鲜酱油 天然酿晒特级酱油 出口装 1000ml 广东老字号,48,18.9,907.2,已完成,2026-04-20 00:00:00,武汉,gzscymy,广东三乘云网络科技有限公司
1335053267,100042633181,珠江桥牌 金装御品蚝油 0防腐剂45%蚝汁含量出口品质挤瓶250g 广东老字号,36,13.5,486.0,已完成,2026-06-08 00:00:00,上海,gzscymy,广东三乘云网络科技有限公司
1335053268,100009878741,珠江桥牌 柱侯酱 叉烧腌肉烧烤焖肉酱 调味酱柱候酱240g 广东老字号,24,8.79,210.96,已完成,2026-06-15 00:00:00,上海,gzscymy,广东三乘云网络科技有限公司
1335053269,100042633181,珠江桥牌 金装御品蚝油 0防腐剂45%蚝汁含量出口品质挤瓶250g 广东老字号,96,13.5,1296.0,待发货,2026-06-11 00:00:00,北京,gzscymy,广东三乘云网络科技有限公司
1335053270,100009878741,珠江桥牌 柱侯酱 叉烧腌肉烧烤焖肉酱 调味酱柱候酱240g 广东老字号,36,8.79,316.44,待发货,2026-04-28 00:00:00,北京,gzscymy,广东三乘云网络科技有限公司
1335053271,100034465497,珠江桥牌 白灼汁 0脂肪白灼捞拌汁 凉拌蒸鱼海鲜捞汁 300ml 广东老字号,4,9.9,39.6,已完成,2026-06-02 00:00:00,上海,gzscymy,广东三乘云网络科技有限公司
1335053272,6597335,珠江桥牌 酱油 特级鲜酱油 天然酿晒特级酱油 出口装 1000ml 广东老字号,6,18.9,113.4,待发货,2026-06-11 00:00:00,上海,gzscymy,广东三乘云网络科技有限公司
1335053273,3478323,珠江桥牌特级头抽酱油 出口品质头道酿造0防腐剂甜味剂300ml广东老字号,48,16.8,806.4,已完成,2026-05-16 00:00:00,广州,gzscymy,广东三乘云网络科技有限公司
1335053274,6597335,珠江桥牌 酱油 特级鲜酱油 天然酿晒特级酱油 出口装 1000ml 广东老字号,96,18.9,1814.4,已完成,2026-04-18 00:00:00,成都,gzscymy,广东三乘云网络科技有限公司
1335053275,6597335,珠江桥牌 酱油 特级鲜酱油 天然酿晒特级酱油 出口装 1000ml 广东老字号,96,18.9,1814.4,已完成,2026-05-12 00:00:00,西安,gzscymy,广东三乘云网络科技有限公司
1335053276,6597335,珠江桥牌 酱油 特级鲜酱油 天然酿晒特级酱油 出口装 1000ml 广东老字号,24,18.9,453.6,已完成,2026-05-31 00:00:00,郑州,gzscymy,广东三乘云网络科技有限公司
1335053277,100001106229,珠江桥牌 调味料 姜豉豆豉 出口装0添加防腐剂 阳江特产 300g 广东老字号,48,11.9,571.2,待发货,2026-05-17 00:00:00,广州,gzscymy,广东三乘云网络科技有限公司
1335053278,100034465497,珠江桥牌 白灼汁 0脂肪白灼捞拌汁 凉拌蒸鱼海鲜捞汁 300ml 广东老字号,6,9.9,59.4,已完成,2026-06-13 00:00:00,郑州,gzscymy,广东三乘云网络科技有限公司
1335053279,100034465497,珠江桥牌 白灼汁 0脂肪白灼捞拌汁 凉拌蒸鱼海鲜捞汁 300ml 广东老字号,24,9.9,237.6,待发货,2026-05-03 00:00:00,北京,gzscymy,广东三乘云网络科技有限公司
1335053280,3478323,珠江桥牌特级头抽酱油 出口品质头道酿造0防腐剂甜味剂300ml广东老字号,12,16.8,201.6,已完成,2026-06-14 00:00:00,西安,gzscymy,广东三乘云网络科技有限公司
1335053281,3908750,珠江桥牌 酱油 金标生抽王 0添加味精凉拌蘸料出口装 500ml 广东老字号,4,7.8,31.2,待发货,2026-06-14 00:00:00,广州,gzscymy,广东三乘云网络科技有限公司
1335053282,3908750,珠江桥牌 酱油 金标生抽王 0添加味精凉拌蘸料出口装 500ml 广东老字号,12,7.8,93.6,已完成,2026-04-20 00:00:00,成都,gzscymy,广东三乘云网络科技有限公司
1335053283,6597335,珠江桥牌 酱油 特级鲜酱油 天然酿晒特级酱油 出口装 1000ml 广东老字号,24,18.9,453.6,已完成,2026-04-23 00:00:00,成都,gzscymy,广东三乘云网络科技有限公司
1335053284,100001106229,珠江桥牌 调味料 姜豉豆豉 出口装0添加防腐剂 阳江特产 300g 广东老字号,96,11.9,1142.4,已完成,2026-06-04 00:00:00,成都,gzscymy,广东三乘云网络科技有限公司
1335053285,100042633181,珠江桥牌 金装御品蚝油 0防腐剂45%蚝汁含量出口品质挤瓶250g 广东老字号,48,13.5,648.0,已完成,2026-05-21 00:00:00,郑州,gzscymy,广东三乘云网络科技有限公司
1335053286,100034465497,珠江桥牌 白灼汁 0脂肪白灼捞拌汁 凉拌蒸鱼海鲜捞汁 300ml 广东老字号,48,9.9,475.2,已完成,2026-05-25 00:00:00,沈阳,gzscymy,广东三乘云网络科技有限公司
1335053287,6597335,珠江桥牌 酱油 特级鲜酱油 天然酿晒特级酱油 出口装 1000ml 广东老字号,96,18.9,1814.4,已完成,2026-05-04 00:00:00,广州,gzscymy,广东三乘云网络科技有限公司
1335053288,100034465497,珠江桥牌 白灼汁 0脂肪白灼捞拌汁 凉拌蒸鱼海鲜捞汁 300ml 广东老字号,6,9.9,59.4,已完成,2026-04-21 00:00:00,成都,gzscymy,广东三乘云网络科技有限公司
1335053289,6597335,珠江桥牌 酱油 特级鲜酱油 天然酿晒特级酱油 出口装 1000ml 广东老字号,12,18.9,226.8,已完成,2026-04-20 00:00:00,郑州,gzscymy,广东三乘云网络科技有限公司
1335053290,100034465497,珠江桥牌 白灼汁 0脂肪白灼捞拌汁 凉拌蒸鱼海鲜捞汁 300ml 广东老字号,24,9.9,237.6,已完成,2026-05-27 00:00:00,郑州,gzscymy,广东三乘云网络科技有限公司
1335053291,6597335,珠江桥牌 酱油 特级鲜酱油 天然酿晒特级酱油 出口装 1000ml 广东老字号,24,18.9,453.6,待发货,2026-04-27 00:00:00,郑州,gzscymy,广东三乘云网络科技有限公司
1335053292,100001106229,珠江桥牌 调味料 姜豉豆豉 出口装0添加防腐剂 阳江特产 300g 广东老字号,12,11.9,142.8,已完成,2026-05-16 00:00:00,西安,gzscymy,广东三乘云网络科技有限公司
1335053293,100001106229,珠江桥牌 调味料 姜豉豆豉 出口装0添加防腐剂 阳江特产 300g 广东老字号,36,11.9,428.4,已完成,2026-05-04 00:00:00,广州,gzscymy,广东三乘云网络科技有限公司
1335053294,100001106229,珠江桥牌 调味料 姜豉豆豉 出口装0添加防腐剂 阳江特产 300g 广东老字号,96,11.9,1142.4,已完成,2026-05-15 00:00:00,广州,gzscymy,广东三乘云网络科技有限公司
1335053295,100001106229,珠江桥牌 调味料 姜豉豆豉 出口装0添加防腐剂 阳江特产 300g 广东老字号,6,11.9,71.4,已完成,2026-04-17 00:00:00,上海,gzscymy,广东三乘云网络科技有限公司
1335053296,100002671076,珠江桥牌 调味酱 蘑菇牛肉酱 香菇下饭菜拌饭拌面火锅蘸料230g 广东老字号,6,13.4,80.4,已完成,2026-05-01 00:00:00,西安,gzscymy,广东三乘云网络科技有限公司
1335053297,6597335,珠江桥牌 酱油 特级鲜酱油 天然酿晒特级酱油 出口装 1000ml 广东老字号,6,18.9,113.4,已发货,2026-05-20 00:00:00,郑州,gzscymy,广东三乘云网络科技有限公司
1335053298,3908750,珠江桥牌 酱油 金标生抽王 0添加味精凉拌蘸料出口装 500ml 广东老字号,36,7.8,280.8,已完成,2026-05-01 00:00:00,沈阳,gzscymy,广东三乘云网络科技有限公司
1335053299,100034465497,珠江桥牌 白灼汁 0脂肪白灼捞拌汁 凉拌蒸鱼海鲜捞汁 300ml 广东老字号,24,9.9,237.6,待发货,2026-06-03 00:00:00,沈阳,gzscymy,广东三乘云网络科技有限公司
1335053300,100001106229,珠江桥牌 调味料 姜豉豆豉 出口装0添加防腐剂 阳江特产 300g 广东老字号,96,11.9,1142.4,已完成,2026-06-01 00:00:00,郑州,gzscymy,广东三乘云网络科技有限公司
1335053301,6597335,珠江桥牌 酱油 特级鲜酱油 天然酿晒特级酱油 出口装 1000ml 广东老字号,96,18.9,1814.4,已完成,2026-05-15 00:00:00,上海,gzscymy,广东三乘云网络科技有限公司
1335053302,6597335,珠江桥牌 酱油 特级鲜酱油 天然酿晒特级酱油 出口装 1000ml 广东老字号,48,18.9,907.2,待发货,2026-05-04 00:00:00,沈阳,gzscymy,广东三乘云网络科技有限公司
1335053303,3908750,珠江桥牌 酱油 金标生抽王 0添加味精凉拌蘸料出口装 500ml 广东老字号,24,7.8,187.2,已完成,2026-06-11 00:00:00,成都,gzscymy,广东三乘云网络科技有限公司
1335053304,3478323,珠江桥牌特级头抽酱油 出口品质头道酿造0防腐剂甜味剂300ml广东老字号,12,16.8,201.6,已完成,2026-05-23 00:00:00,沈阳,gzscymy,广东三乘云网络科技有限公司
1335053305,3478323,珠江桥牌特级头抽酱油 出口品质头道酿造0防腐剂甜味剂300ml广东老字号,6,16.8,100.8,已完成,2026-04-25 00:00:00,武汉,gzscymy,广东三乘云网络科技有限公司
1335053306,100034465497,珠江桥牌 白灼汁 0脂肪白灼捞拌汁 凉拌蒸鱼海鲜捞汁 300ml 广东老字号,4,9.9,39.6,已完成,2026-04-25 00:00:00,武汉,gzscymy,广东三乘云网络科技有限公司
1335053307,6597335,珠江桥牌 酱油 特级鲜酱油 天然酿晒特级酱油 出口装 1000ml 广东老字号,4,18.9,75.6,已完成,2026-05-11 00:00:00,广州,gzscymy,广东三乘云网络科技有限公司
1335053308,6597335,珠江桥牌 酱油 特级鲜酱油 天然酿晒特级酱油 出口装 1000ml 广东老字号,12,18.9,226.8,已完成,2026-06-04 00:00:00,西安,gzscymy,广东三乘云网络科技有限公司
1335053309,3908750,珠江桥牌 酱油 金标生抽王 0添加味精凉拌蘸料出口装 500ml 广东老字号,36,7.8,280.8,已完成,2026-04-28 00:00:00,郑州,gzscymy,广东三乘云网络科技有限公司
1335053310,100001106229,珠江桥牌 调味料 姜豉豆豉 出口装0添加防腐剂 阳江特产 300g 广东老字号,4,11.9,47.6,已完成,2026-04-27 00:00:00,沈阳,gzscymy,广东三乘云网络科技有限公司
1335053311,3478323,珠江桥牌特级头抽酱油 出口品质头道酿造0防腐剂甜味剂300ml广东老字号,12,16.8,201.6,已完成,2026-05-28 00:00:00,上海,gzscymy,广东三乘云网络科技有限公司
1335053312,100002671076,珠江桥牌 调味酱 蘑菇牛肉酱 香菇下饭菜拌饭拌面火锅蘸料230g 广东老字号,36,13.4,482.4,已完成,2026-06-14 00:00:00,上海,gzscymy,广东三乘云网络科技有限公司
1335053313,3478323,珠江桥牌特级头抽酱油 出口品质头道酿造0防腐剂甜味剂300ml广东老字号,12,16.8,201.6,已发货,2026-06-07 00:00:00,成都,gzscymy,广东三乘云网络科技有限公司
1335053314,100034465497,珠江桥牌 白灼汁 0脂肪白灼捞拌汁 凉拌蒸鱼海鲜捞汁 300ml 广东老字号,96,9.9,950.4,待发货,2026-06-09 00:00:00,成都,gzscymy,广东三乘云网络科技有限公司
1335053315,100034465497,珠江桥牌 白灼汁 0脂肪白灼捞拌汁 凉拌蒸鱼海鲜捞汁 300ml 广东老字号,48,9.9,475.2,已发货,2026-04-18 00:00:00,武汉,gzscymy,广东三乘云网络科技有限公司
1335053316,100034465497,珠江桥牌 白灼汁 0脂肪白灼捞拌汁 凉拌蒸鱼海鲜捞汁 300ml 广东老字号,48,9.9,475.2,已完成,2026-04-18 00:00:00,广州,gzscymy,广东三乘云网络科技有限公司
1335053317,6597335,珠江桥牌 酱油 特级鲜酱油 天然酿晒特级酱油 出口装 1000ml 广东老字号,24,18.9,453.6,已完成,2026-05-16 00:00:00,武汉,gzscymy,广东三乘云网络科技有限公司
1335053318,100042633181,珠江桥牌 金装御品蚝油 0防腐剂45%蚝汁含量出口品质挤瓶250g 广东老字号,36,13.5,486.0,已完成,2026-05-09 00:00:00,北京,gzscymy,广东三乘云网络科技有限公司
1335053319,6597335,珠江桥牌 酱油 特级鲜酱油 天然酿晒特级酱油 出口装 1000ml 广东老字号,24,18.9,453.6,已完成,2026-05-11 00:00:00,成都,gzscymy,广东三乘云网络科技有限公司
1335053320,100002671076,珠江桥牌 调味酱 蘑菇牛肉酱 香菇下饭菜拌饭拌面火锅蘸料230g 广东老字号,4,13.4,53.6,已完成,2026-05-11 00:00:00,北京,gzscymy,广东三乘云网络科技有限公司
1335053321,6597335,珠江桥牌 酱油 特级鲜酱油 天然酿晒特级酱油 出口装 1000ml 广东老字号,12,18.9,226.8,已完成,2026-06-15 00:00:00,成都,gzscymy,广东三乘云网络科技有限公司
1335053322,6597335,珠江桥牌 酱油 特级鲜酱油 天然酿晒特级酱油 出口装 1000ml 广东老字号,24,18.9,453.6,已完成,2026-04-24 00:00:00,郑州,gzscymy,广东三乘云网络科技有限公司
1335053323,3478323,珠江桥牌特级头抽酱油 出口品质头道酿造0防腐剂甜味剂300ml广东老字号,96,16.8,1612.8,已完成,2026-05-04 00:00:00,郑州,gzscymy,广东三乘云网络科技有限公司
1335053324,100034465497,珠江桥牌 白灼汁 0脂肪白灼捞拌汁 凉拌蒸鱼海鲜捞汁 300ml 广东老字号,36,9.9,356.4,已完成,2026-04-19 00:00:00,沈阳,gzscymy,广东三乘云网络科技有限公司
1335053325,6597335,珠江桥牌 酱油 特级鲜酱油 天然酿晒特级酱油 出口装 1000ml 广东老字号,48,18.9,907.2,已完成,2026-05-04 00:00:00,上海,gzscymy,广东三乘云网络科技有限公司
1335053326,100001106229,珠江桥牌 调味料 姜豉豆豉 出口装0添加防腐剂 阳江特产 300g 广东老字号,96,11.9,1142.4,已完成,2026-06-10 00:00:00,郑州,gzscymy,广东三乘云网络科技有限公司
1335053327,6597335,珠江桥牌 酱油 特级鲜酱油 天然酿晒特级酱油 出口装 1000ml 广东老字号,48,18.9,907.2,待发货,2026-05-06 00:00:00,武汉,gzscymy,广东三乘云网络科技有限公司
1335053328,100001106229,珠江桥牌 调味料 姜豉豆豉 出口装0添加防腐剂 阳江特产 300g 广东老字号,4,11.9,47.6,已完成,2026-05-31 00:00:00,北京,gzscymy,广东三乘云网络科技有限公司
1335053329,100009878741,珠江桥牌 柱侯酱 叉烧腌肉烧烤焖肉酱 调味酱柱候酱240g 广东老字号,36,8.79,316.44,已完成,2026-06-08 00:00:00,西安,gzscymy,广东三乘云网络科技有限公司
1335053330,3908750,珠江桥牌 酱油 金标生抽王 0添加味精凉拌蘸料出口装 500ml 广东老字号,4,7.8,31.2,已完成,2026-05-24 00:00:00,西安,gzscymy,广东三乘云网络科技有限公司
1335053331,100042633181,珠江桥牌 金装御品蚝油 0防腐剂45%蚝汁含量出口品质挤瓶250g 广东老字号,12,13.5,162.0,已完成,2026-05-08 00:00:00,沈阳,gzscymy,广东三乘云网络科技有限公司
1335053332,100042633181,珠江桥牌 金装御品蚝油 0防腐剂45%蚝汁含量出口品质挤瓶250g 广东老字号,36,13.5,486.0,已完成,2026-06-15 00:00:00,沈阳,gzscymy,广东三乘云网络科技有限公司
1335053333,3478323,珠江桥牌特级头抽酱油 出口品质头道酿造0防腐剂甜味剂300ml广东老字号,48,16.8,806.4,已完成,2026-05-21 00:00:00,广州,gzscymy,广东三乘云网络科技有限公司
1335053334,100001106229,珠江桥牌 调味料 姜豉豆豉 出口装0添加防腐剂 阳江特产 300g 广东老字号,36,11.9,428.4,待发货,2026-05-18 00:00:00,广州,gzscymy,广东三乘云网络科技有限公司
1335053335,3478323,珠江桥牌特级头抽酱油 出口品质头道酿造0防腐剂甜味剂300ml广东老字号,24,16.8,403.2,已完成,2026-05-07 00:00:00,武汉,gzscymy,广东三乘云网络科技有限公司
1335053336,100001106229,珠江桥牌 调味料 姜豉豆豉 出口装0添加防腐剂 阳江特产 300g 广东老字号,96,11.9,1142.4,已发货,2026-04-28 00:00:00,北京,gzscymy,广东三乘云网络科技有限公司
1335053337,3908750,珠江桥牌 酱油 金标生抽王 0添加味精凉拌蘸料出口装 500ml 广东老字号,48,7.8,374.4,已完成,2026-04-27 00:00:00,北京,gzscymy,广东三乘云网络科技有限公司
1335053338,6597335,珠江桥牌 酱油 特级鲜酱油 天然酿晒特级酱油 出口装 1000ml 广东老字号,24,18.9,453.6,待发货,2026-05-22 00:00:00,广州,gzscymy,广东三乘云网络科技有限公司
1335053339,3478323,珠江桥牌特级头抽酱油 出口品质头道酿造0防腐剂甜味剂300ml广东老字号,96,16.8,1612.8,已完成,2026-05-06 00:00:00,西安,gzscymy,广东三乘云网络科技有限公司
1335053340,100034465497,珠江桥牌 白灼汁 0脂肪白灼捞拌汁 凉拌蒸鱼海鲜捞汁 300ml 广东老字号,6,9.9,59.4,已完成,2026-05-02 00:00:00,西安,gzscymy,广东三乘云网络科技有限公司
1335053341,3478323,珠江桥牌特级头抽酱油 出口品质头道酿造0防腐剂甜味剂300ml广东老字号,4,16.8,67.2,已完成,2026-04-29 00:00:00,武汉,gzscymy,广东三乘云网络科技有限公司
1335053342,100034465497,珠江桥牌 白灼汁 0脂肪白灼捞拌汁 凉拌蒸鱼海鲜捞汁 300ml 广东老字号,36,9.9,356.4,已完成,2026-06-10 00:00:00,郑州,gzscymy,广东三乘云网络科技有限公司
1335053343,6597335,珠江桥牌 酱油 特级鲜酱油 天然酿晒特级酱油 出口装 1000ml 广东老字号,24,18.9,453.6,已完成,2026-05-11 00:00:00,北京,gzscymy,广东三乘云网络科技有限公司
1335053344,6597335,珠江桥牌 酱油 特级鲜酱油 天然酿晒特级酱油 出口装 1000ml 广东老字号,48,18.9,907.2,已完成,2026-06-06 00:00:00,沈阳,gzscymy,广东三乘云网络科技有限公司
1335053345,100034465497,珠江桥牌 白灼汁 0脂肪白灼捞拌汁 凉拌蒸鱼海鲜捞汁 300ml 广东老字号,48,9.9,475.2,已发货,2026-06-13 00:00:00,郑州,gzscymy,广东三乘云网络科技有限公司
1335053346,3478323,珠江桥牌特级头抽酱油 出口品质头道酿造0防腐剂甜味剂300ml广东老字号,12,16.8,201.6,已完成,2026-06-10 00:00:00,上海,gzscymy,广东三乘云网络科技有限公司
1335053347,6597335,珠江桥牌 酱油 特级鲜酱油 天然酿晒特级酱油 出口装 1000ml 广东老字号,4,18.9,75.6,已完成,2026-06-03 00:00:00,西安,gzscymy,广东三乘云网络科技有限公司
1335053348,100034465497,珠江桥牌 白灼汁 0脂肪白灼捞拌汁 凉拌蒸鱼海鲜捞汁 300ml 广东老字号,96,9.9,950.4,已完成,2026-05-30 00:00:00,郑州,gzscymy,广东三乘云网络科技有限公司
1335053349,6597335,珠江桥牌 酱油 特级鲜酱油 天然酿晒特级酱油 出口装 1000ml 广东老字号,96,18.9,1814.4,已完成,2026-05-14 00:00:00,沈阳,gzscymy,广东三乘云网络科技有限公司
1335053350,6597335,珠江桥牌 酱油 特级鲜酱油 天然酿晒特级酱油 出口装 1000ml 广东老字号,48,18.9,907.2,已完成,2026-05-03 00:00:00,上海,gzscymy,广东三乘云网络科技有限公司
1335053351,6597335,珠江桥牌 酱油 特级鲜酱油 天然酿晒特级酱油 出口装 1000ml 广东老字号,6,18.9,113.4,已完成,2026-05-29 00:00:00,沈阳,gzscymy,广东三乘云网络科技有限公司
1335053352,3478323,珠江桥牌特级头抽酱油 出口品质头道酿造0防腐剂甜味剂300ml广东老字号,12,16.8,201.6,已完成,2026-05-12 00:00:00,郑州,gzscymy,广东三乘云网络科技有限公司
1335053353,3908750,珠江桥牌 酱油 金标生抽王 0添加味精凉拌蘸料出口装 500ml 广东老字号,36,7.8,280.8,待发货,2026-06-06 00:00:00,沈阳,gzscymy,广东三乘云网络科技有限公司
1335053354,100001106229,珠江桥牌 调味料 姜豉豆豉 出口装0添加防腐剂 阳江特产 300g 广东老字号,96,11.9,1142.4,已完成,2026-04-24 00:00:00,北京,gzscymy,广东三乘云网络科技有限公司
1335053355,6597335,珠江桥牌 酱油 特级鲜酱油 天然酿晒特级酱油 出口装 1000ml 广东老字号,12,18.9,226.8,已发货,2026-05-29 00:00:00,沈阳,gzscymy,广东三乘云网络科技有限公司
1335053356,3478323,珠江桥牌特级头抽酱油 出口品质头道酿造0防腐剂甜味剂300ml广东老字号,4,16.8,67.2,已完成,2026-05-22 00:00:00,沈阳,gzscymy,广东三乘云网络科技有限公司
1335053357,3478323,珠江桥牌特级头抽酱油 出口品质头道酿造0防腐剂甜味剂300ml广东老字号,36,16.8,604.8,已完成,2026-05-06 00:00:00,北京,gzscymy,广东三乘云网络科技有限公司
1335053358,3478323,珠江桥牌特级头抽酱油 出口品质头道酿造0防腐剂甜味剂300ml广东老字号,4,16.8,67.2,已完成,2026-05-11 00:00:00,广州,gzscymy,广东三乘云网络科技有限公司
1335053359,6597335,珠江桥牌 酱油 特级鲜酱油 天然酿晒特级酱油 出口装 1000ml 广东老字号,36,18.9,680.4,已完成,2026-06-04 00:00:00,上海,gzscymy,广东三乘云网络科技有限公司
1335053360,100034465497,珠江桥牌 白灼汁 0脂肪白灼捞拌汁 凉拌蒸鱼海鲜捞汁 300ml 广东老字号,24,9.9,237.6,待发货,2026-04-28 00:00:00,北京,gzscymy,广东三乘云网络科技有限公司
1335053361,100001106229,珠江桥牌 调味料 姜豉豆豉 出口装0添加防腐剂 阳江特产 300g 广东老字号,36,11.9,428.4,已发货,2026-05-18 00:00:00,郑州,gzscymy,广东三乘云网络科技有限公司
1335053362,3478323,珠江桥牌特级头抽酱油 出口品质头道酿造0防腐剂甜味剂300ml广东老字号,48,16.8,806.4,已完成,2026-05-12 00:00:00,郑州,gzscymy,广东三乘云网络科技有限公司
1335053363,100002671076,珠江桥牌 调味酱 蘑菇牛肉酱 香菇下饭菜拌饭拌面火锅蘸料230g 广东老字号,4,13.4,53.6,已完成,2026-04-29 00:00:00,郑州,gzscymy,广东三乘云网络科技有限公司
1335053364,100002671076,珠江桥牌 调味酱 蘑菇牛肉酱 香菇下饭菜拌饭拌面火锅蘸料230g 广东老字号,48,13.4,643.2,已完成,2026-05-22 00:00:00,武汉,gzscymy,广东三乘云网络科技有限公司
1335053365,100034465497,珠江桥牌 白灼汁 0脂肪白灼捞拌汁 凉拌蒸鱼海鲜捞汁 300ml 广东老字号,4,9.9,39.6,已完成,2026-05-16 00:00:00,武汉,gzscymy,广东三乘云网络科技有限公司
1335053366,100034465497,珠江桥牌 白灼汁 0脂肪白灼捞拌汁 凉拌蒸鱼海鲜捞汁 300ml 广东老字号,96,9.9,950.4,已完成,2026-05-23 00:00:00,北京,gzscymy,广东三乘云网络科技有限公司
1335053367,3908750,珠江桥牌 酱油 金标生抽王 0添加味精凉拌蘸料出口装 500ml 广东老字号,24,7.8,187.2,已完成,2026-05-24 00:00:00,武汉,gzscymy,广东三乘云网络科技有限公司
1335053368,3478323,珠江桥牌特级头抽酱油 出口品质头道酿造0防腐剂甜味剂300ml广东老字号,6,16.8,100.8,已发货,2026-05-18 00:00:00,北京,gzscymy,广东三乘云网络科技有限公司
1335053369,6597335,珠江桥牌 酱油 特级鲜酱油 天然酿晒特级酱油 出口装 1000ml 广东老字号,48,18.9,907.2,已完成,2026-06-06 00:00:00,沈阳,gzscymy,广东三乘云网络科技有限公司
1335053370,100001106229,珠江桥牌 调味料 姜豉豆豉 出口装0添加防腐剂 阳江特产 300g 广东老字号,48,11.9,571.2,已完成,2026-05-01 00:00:00,广州,gzscymy,广东三乘云网络科技有限公司
1335053371,6597335,珠江桥牌 酱油 特级鲜酱油 天然酿晒特级酱油 出口装 1000ml 广东老字号,48,18.9,907.2,已发货,2026-05-02 00:00:00,成都,gzscymy,广东三乘云网络科技有限公司
1335053372,100042633181,珠江桥牌 金装御品蚝油 0防腐剂45%蚝汁含量出口品质挤瓶250g 广东老字号,12,13.5,162.0,已完成,2026-05-23 00:00:00,北京,gzscymy,广东三乘云网络科技有限公司
1335053373,6597335,珠江桥牌 酱油 特级鲜酱油 天然酿晒特级酱油 出口装 1000ml 广东老字号,12,18.9,226.8,已完成,2026-05-02 00:00:00,广州,gzscymy,广东三乘云网络科技有限公司
1335053374,6597335,珠江桥牌 酱油 特级鲜酱油 天然酿晒特级酱油 出口装 1000ml 广东老字号,4,18.9,75.6,已完成,2026-06-04 00:00:00,武汉,gzscymy,广东三乘云网络科技有限公司
1335053375,100009878741,珠江桥牌 柱侯酱 叉烧腌肉烧烤焖肉酱 调味酱柱候酱240g 广东老字号,96,8.79,843.84,已完成,2026-06-14 00:00:00,北京,gzscymy,广东三乘云网络科技有限公司
1335053376,3478323,珠江桥牌特级头抽酱油 出口品质头道酿造0防腐剂甜味剂300ml广东老字号,96,16.8,1612.8,已完成,2026-05-16 00:00:00,沈阳,gzscymy,广东三乘云网络科技有限公司
1335053377,3908750,珠江桥牌 酱油 金标生抽王 0添加味精凉拌蘸料出口装 500ml 广东老字号,96,7.8,748.8,已完成,2026-05-13 00:00:00,沈阳,gzscymy,广东三乘云网络科技有限公司
1335053378,3908750,珠江桥牌 酱油 金标生抽王 0添加味精凉拌蘸料出口装 500ml 广东老字号,6,7.8,46.8,已发货,2026-06-08 00:00:00,西安,gzscymy,广东三乘云网络科技有限公司
1335053379,3478323,珠江桥牌特级头抽酱油 出口品质头道酿造0防腐剂甜味剂300ml广东老字号,4,16.8,67.2,已完成,2026-04-23 00:00:00,广州,gzscymy,广东三乘云网络科技有限公司
1335053380,3478323,珠江桥牌特级头抽酱油 出口品质头道酿造0防腐剂甜味剂300ml广东老字号,48,16.8,806.4,已完成,2026-04-17 00:00:00,北京,gzscymy,广东三乘云网络科技有限公司
1335053381,100034465497,珠江桥牌 白灼汁 0脂肪白灼捞拌汁 凉拌蒸鱼海鲜捞汁 300ml 广东老字号,36,9.9,356.4,已完成,2026-05-12 00:00:00,郑州,gzscymy,广东三乘云网络科技有限公司
1335053382,100034465497,珠江桥牌 白灼汁 0脂肪白灼捞拌汁 凉拌蒸鱼海鲜捞汁 300ml 广东老字号,4,9.9,39.6,已完成,2026-06-06 00:00:00,广州,gzscymy,广东三乘云网络科技有限公司
1335053383,100001106229,珠江桥牌 调味料 姜豉豆豉 出口装0添加防腐剂 阳江特产 300g 广东老字号,24,11.9,285.6,已完成,2026-05-01 00:00:00,西安,gzscymy,广东三乘云网络科技有限公司
1335053384,3478323,珠江桥牌特级头抽酱油 出口品质头道酿造0防腐剂甜味剂300ml广东老字号,24,16.8,403.2,已发货,2026-04-21 00:00:00,武汉,gzscymy,广东三乘云网络科技有限公司
1335053385,100042633181,珠江桥牌 金装御品蚝油 0防腐剂45%蚝汁含量出口品质挤瓶250g 广东老字号,6,13.5,81.0,待发货,2026-04-20 00:00:00,上海,gzscymy,广东三乘云网络科技有限公司
1335053386,3478323,珠江桥牌特级头抽酱油 出口品质头道酿造0防腐剂甜味剂300ml广东老字号,96,16.8,1612.8,已完成,2026-05-03 00:00:00,武汉,gzscymy,广东三乘云网络科技有限公司
1335053387,100001106229,珠江桥牌 调味料 姜豉豆豉 出口装0添加防腐剂 阳江特产 300g 广东老字号,24,11.9,285.6,已完成,2026-06-07 00:00:00,沈阳,gzscymy,广东三乘云网络科技有限公司
1335053388,100009878741,珠江桥牌 柱侯酱 叉烧腌肉烧烤焖肉酱 调味酱柱候酱240g 广东老字号,6,8.79,52.74,已完成,2026-04-24 00:00:00,西安,gzscymy,广东三乘云网络科技有限公司
1335053389,100042633181,珠江桥牌 金装御品蚝油 0防腐剂45%蚝汁含量出口品质挤瓶250g 广东老字号,96,13.5,1296.0,已完成,2026-05-26 00:00:00,广州,gzscymy,广东三乘云网络科技有限公司
1335053390,3478323,珠江桥牌特级头抽酱油 出口品质头道酿造0防腐剂甜味剂300ml广东老字号,24,16.8,403.2,已完成,2026-04-24 00:00:00,沈阳,gzscymy,广东三乘云网络科技有限公司
1335053391,100001106229,珠江桥牌 调味料 姜豉豆豉 出口装0添加防腐剂 阳江特产 300g 广东老字号,4,11.9,47.6,已完成,2026-05-25 00:00:00,西安,gzscymy,广东三乘云网络科技有限公司
1335053392,6597335,珠江桥牌 酱油 特级鲜酱油 天然酿晒特级酱油 出口装 1000ml 广东老字号,24,18.9,453.6,待发货,2026-05-23 00:00:00,北京,gzscymy,广东三乘云网络科技有限公司
1335053393,100034465497,珠江桥牌 白灼汁 0脂肪白灼捞拌汁 凉拌蒸鱼海鲜捞汁 300ml 广东老字号,48,9.9,475.2,已完成,2026-06-14 00:00:00,沈阳,gzscymy,广东三乘云网络科技有限公司
1335053394,100034465497,珠江桥牌 白灼汁 0脂肪白灼捞拌汁 凉拌蒸鱼海鲜捞汁 300ml 广东老字号,6,9.9,59.4,待发货,2026-05-07 00:00:00,武汉,gzscymy,广东三乘云网络科技有限公司
1335053395,100001106229,珠江桥牌 调味料 姜豉豆豉 出口装0添加防腐剂 阳江特产 300g 广东老字号,4,11.9,47.6,已完成,2026-04-19 00:00:00,西安,gzscymy,广东三乘云网络科技有限公司
1335053396,3478323,珠江桥牌特级头抽酱油 出口品质头道酿造0防腐剂甜味剂300ml广东老字号,4,16.8,67.2,已完成,2026-04-20 00:00:00,广州,gzscymy,广东三乘云网络科技有限公司
1335053397,3908750,珠江桥牌 酱油 金标生抽王 0添加味精凉拌蘸料出口装 500ml 广东老字号,48,7.8,374.4,已完成,2026-05-10 00:00:00,郑州,gzscymy,广东三乘云网络科技有限公司
1335053398,100001106229,珠江桥牌 调味料 姜豉豆豉 出口装0添加防腐剂 阳江特产 300g 广东老字号,96,11.9,1142.4,已完成,2026-05-22 00:00:00,西安,gzscymy,广东三乘云网络科技有限公司
1335053399,3478323,珠江桥牌特级头抽酱油 出口品质头道酿造0防腐剂甜味剂300ml广东老字号,96,16.8,1612.8,已完成,2026-04-24 00:00:00,郑州,gzscymy,广东三乘云网络科技有限公司
1335053400,100034465497,珠江桥牌 白灼汁 0脂肪白灼捞拌汁 凉拌蒸鱼海鲜捞汁 300ml 广东老字号,96,9.9,950.4,已完成,2026-05-08 00:00:00,上海,gzscymy,广东三乘云网络科技有限公司
1335053401,3478323,珠江桥牌特级头抽酱油 出口品质头道酿造0防腐剂甜味剂300ml广东老字号,4,16.8,67.2,已完成,2026-04-28 00:00:00,成都,gzscymy,广东三乘云网络科技有限公司
1335053402,6597335,珠江桥牌 酱油 特级鲜酱油 天然酿晒特级酱油 出口装 1000ml 广东老字号,6,18.9,113.4,已完成,2026-06-02 00:00:00,武汉,gzscymy,广东三乘云网络科技有限公司
1335053403,6597335,珠江桥牌 酱油 特级鲜酱油 天然酿晒特级酱油 出口装 1000ml 广东老字号,6,18.9,113.4,已完成,2026-05-20 00:00:00,西安,gzscymy,广东三乘云网络科技有限公司
1335053404,6597335,珠江桥牌 酱油 特级鲜酱油 天然酿晒特级酱油 出口装 1000ml 广东老字号,4,18.9,75.6,已完成,2026-05-24 00:00:00,郑州,gzscymy,广东三乘云网络科技有限公司
1335053405,3478323,珠江桥牌特级头抽酱油 出口品质头道酿造0防腐剂甜味剂300ml广东老字号,12,16.8,201.6,待发货,2026-06-15 00:00:00,郑州,gzscymy,广东三乘云网络科技有限公司
1335053406,100001106229,珠江桥牌 调味料 姜豉豆豉 出口装0添加防腐剂 阳江特产 300g 广东老字号,96,11.9,1142.4,已完成,2026-05-24 00:00:00,上海,gzscymy,广东三乘云网络科技有限公司
1335053407,3908750,珠江桥牌 酱油 金标生抽王 0添加味精凉拌蘸料出口装 500ml 广东老字号,4,7.8,31.2,待发货,2026-04-28 00:00:00,西安,gzscymy,广东三乘云网络科技有限公司
1335053408,100034465497,珠江桥牌 白灼汁 0脂肪白灼捞拌汁 凉拌蒸鱼海鲜捞汁 300ml 广东老字号,48,9.9,475.2,已完成,2026-04-18 00:00:00,广州,gzscymy,广东三乘云网络科技有限公司
1335053409,100001106229,珠江桥牌 调味料 姜豉豆豉 出口装0添加防腐剂 阳江特产 300g 广东老字号,36,11.9,428.4,待发货,2026-05-07 00:00:00,北京,gzscymy,广东三乘云网络科技有限公司
1335053410,100034465497,珠江桥牌 白灼汁 0脂肪白灼捞拌汁 凉拌蒸鱼海鲜捞汁 300ml 广东老字号,6,9.9,59.4,已完成,2026-06-05 00:00:00,广州,gzscymy,广东三乘云网络科技有限公司
1335053411,3478323,珠江桥牌特级头抽酱油 出口品质头道酿造0防腐剂甜味剂300ml广东老字号,48,16.8,806.4,已完成,2026-06-02 00:00:00,北京,gzscymy,广东三乘云网络科技有限公司
1335053412,100034465497,珠江桥牌 白灼汁 0脂肪白灼捞拌汁 凉拌蒸鱼海鲜捞汁 300ml 广东老字号,6,9.9,59.4,已完成,2026-05-13 00:00:00,上海,gzscymy,广东三乘云网络科技有限公司
1335053413,6597335,珠江桥牌 酱油 特级鲜酱油 天然酿晒特级酱油 出口装 1000ml 广东老字号,12,18.9,226.8,已完成,2026-05-04 00:00:00,郑州,gzscymy,广东三乘云网络科技有限公司
1335053414,3908750,珠江桥牌 酱油 金标生抽王 0添加味精凉拌蘸料出口装 500ml 广东老字号,4,7.8,31.2,已完成,2026-05-03 00:00:00,沈阳,gzscymy,广东三乘云网络科技有限公司
1335053415,6597335,珠江桥牌 酱油 特级鲜酱油 天然酿晒特级酱油 出口装 1000ml 广东老字号,12,18.9,226.8,已完成,2026-05-24 00:00:00,郑州,gzscymy,广东三乘云网络科技有限公司
1335053416,3908750,珠江桥牌 酱油 金标生抽王 0添加味精凉拌蘸料出口装 500ml 广东老字号,6,7.8,46.8,已完成,2026-06-15 00:00:00,沈阳,gzscymy,广东三乘云网络科技有限公司
1335053417,3908750,珠江桥牌 酱油 金标生抽王 0添加味精凉拌蘸料出口装 500ml 广东老字号,36,7.8,280.8,已完成,2026-04-22 00:00:00,西安,gzscymy,广东三乘云网络科技有限公司
1335053418,6597335,珠江桥牌 酱油 特级鲜酱油 天然酿晒特级酱油 出口装 1000ml 广东老字号,12,18.9,226.8,已完成,2026-04-24 00:00:00,广州,gzscymy,广东三乘云网络科技有限公司
1335053419,3478323,珠江桥牌特级头抽酱油 出口品质头道酿造0防腐剂甜味剂300ml广东老字号,48,16.8,806.4,已完成,2026-04-17 00:00:00,郑州,gzscymy,广东三乘云网络科技有限公司
1335053420,100042633181,珠江桥牌 金装御品蚝油 0防腐剂45%蚝汁含量出口品质挤瓶250g 广东老字号,12,13.5,162.0,已完成,2026-05-29 00:00:00,上海,gzscymy,广东三乘云网络科技有限公司
1335053421,6597335,珠江桥牌 酱油 特级鲜酱油 天然酿晒特级酱油 出口装 1000ml 广东老字号,6,18.9,113.4,已完成,2026-05-03 00:00:00,武汉,gzscymy,广东三乘云网络科技有限公司
1335053422,100001106229,珠江桥牌 调味料 姜豉豆豉 出口装0添加防腐剂 阳江特产 300g 广东老字号,96,11.9,1142.4,已完成,2026-05-08 00:00:00,北京,gzscymy,广东三乘云网络科技有限公司
1335053423,100034465497,珠江桥牌 白灼汁 0脂肪白灼捞拌汁 凉拌蒸鱼海鲜捞汁 300ml 广东老字号,96,9.9,950.4,已完成,2026-05-15 00:00:00,广州,gzscymy,广东三乘云网络科技有限公司
1335053424,100042633181,珠江桥牌 金装御品蚝油 0防腐剂45%蚝汁含量出口品质挤瓶250g 广东老字号,12,13.5,162.0,已发货,2026-04-27 00:00:00,沈阳,gzscymy,广东三乘云网络科技有限公司
1335053425,100001106229,珠江桥牌 调味料 姜豉豆豉 出口装0添加防腐剂 阳江特产 300g 广东老字号,12,11.9,142.8,已发货,2026-05-05 00:00:00,西安,gzscymy,广东三乘云网络科技有限公司
1335053426,100009878741,珠江桥牌 柱侯酱 叉烧腌肉烧烤焖肉酱 调味酱柱候酱240g 广东老字号,48,8.79,421.92,已完成,2026-06-13 00:00:00,沈阳,gzscymy,广东三乘云网络科技有限公司
1335053427,6597335,珠江桥牌 酱油 特级鲜酱油 天然酿晒特级酱油 出口装 1000ml 广东老字号,24,18.9,453.6,已完成,2026-05-11 00:00:00,西安,gzscymy,广东三乘云网络科技有限公司
1335053428,3478323,珠江桥牌特级头抽酱油 出口品质头道酿造0防腐剂甜味剂300ml广东老字号,12,16.8,201.6,已完成,2026-05-15 00:00:00,西安,gzscymy,广东三乘云网络科技有限公司
1335053429,6597335,珠江桥牌 酱油 特级鲜酱油 天然酿晒特级酱油 出口装 1000ml 广东老字号,6,18.9,113.4,已完成,2026-05-08 00:00:00,广州,gzscymy,广东三乘云网络科技有限公司
1335053430,100034465497,珠江桥牌 白灼汁 0脂肪白灼捞拌汁 凉拌蒸鱼海鲜捞汁 300ml 广东老字号,24,9.9,237.6,已完成,2026-05-26 00:00:00,武汉,gzscymy,广东三乘云网络科技有限公司
1335053431,3908750,珠江桥牌 酱油 金标生抽王 0添加味精凉拌蘸料出口装 500ml 广东老字号,4,7.8,31.2,已完成,2026-04-29 00:00:00,沈阳,gzscymy,广东三乘云网络科技有限公司
1335053432,3908750,珠江桥牌 酱油 金标生抽王 0添加味精凉拌蘸料出口装 500ml 广东老字号,36,7.8,280.8,已完成,2026-05-10 00:00:00,西安,gzscymy,广东三乘云网络科技有限公司
1335053433,3478323,珠江桥牌特级头抽酱油 出口品质头道酿造0防腐剂甜味剂300ml广东老字号,24,16.8,403.2,已完成,2026-05-31 00:00:00,上海,gzscymy,广东三乘云网络科技有限公司
1335053434,6597335,珠江桥牌 酱油 特级鲜酱油 天然酿晒特级酱油 出口装 1000ml 广东老字号,48,18.9,907.2,待发货,2026-05-23 00:00:00,西安,gzscymy,广东三乘云网络科技有限公司
1335053435,100009878741,珠江桥牌 柱侯酱 叉烧腌肉烧烤焖肉酱 调味酱柱候酱240g 广东老字号,96,8.79,843.84,已完成,2026-04-23 00:00:00,郑州,gzscymy,广东三乘云网络科技有限公司
1335053436,100034465497,珠江桥牌 白灼汁 0脂肪白灼捞拌汁 凉拌蒸鱼海鲜捞汁 300ml 广东老字号,24,9.9,237.6,已完成,2026-06-05 00:00:00,成都,gzscymy,广东三乘云网络科技有限公司
1335053437,6597335,珠江桥牌 酱油 特级鲜酱油 天然酿晒特级酱油 出口装 1000ml 广东老字号,12,18.9,226.8,已完成,2026-05-01 00:00:00,郑州,gzscymy,广东三乘云网络科技有限公司
1335053438,3478323,珠江桥牌特级头抽酱油 出口品质头道酿造0防腐剂甜味剂300ml广东老字号,6,16.8,100.8,已完成,2026-04-18 00:00:00,广州,gzscymy,广东三乘云网络科技有限公司
1335053439,100042633181,珠江桥牌 金装御品蚝油 0防腐剂45%蚝汁含量出口品质挤瓶250g 广东老字号,36,13.5,486.0,已完成,2026-05-02 00:00:00,上海,gzscymy,广东三乘云网络科技有限公司
1335053440,100009878741,珠江桥牌 柱侯酱 叉烧腌肉烧烤焖肉酱 调味酱柱候酱240g 广东老字号,6,8.79,52.74,已完成,2026-05-21 00:00:00,郑州,gzscymy,广东三乘云网络科技有限公司
1335053441,3908750,珠江桥牌 酱油 金标生抽王 0添加味精凉拌蘸料出口装 500ml 广东老字号,6,7.8,46.8,待发货,2026-05-19 00:00:00,成都,gzscymy,广东三乘云网络科技有限公司
1335053442,100001106229,珠江桥牌 调味料 姜豉豆豉 出口装0添加防腐剂 阳江特产 300g 广东老字号,48,11.9,571.2,已完成,2026-05-25 00:00:00,广州,gzscymy,广东三乘云网络科技有限公司
1335053443,100034465497,珠江桥牌 白灼汁 0脂肪白灼捞拌汁 凉拌蒸鱼海鲜捞汁 300ml 广东老字号,36,9.9,356.4,待发货,2026-05-09 00:00:00,上海,gzscymy,广东三乘云网络科技有限公司
1335053444,100034465497,珠江桥牌 白灼汁 0脂肪白灼捞拌汁 凉拌蒸鱼海鲜捞汁 300ml 广东老字号,12,9.9,118.8,已完成,2026-05-04 00:00:00,北京,gzscymy,广东三乘云网络科技有限公司
1335053445,100034465497,珠江桥牌 白灼汁 0脂肪白灼捞拌汁 凉拌蒸鱼海鲜捞汁 300ml 广东老字号,4,9.9,39.6,已完成,2026-04-29 00:00:00,沈阳,gzscymy,广东三乘云网络科技有限公司
1335053446,3478323,珠江桥牌特级头抽酱油 出口品质头道酿造0防腐剂甜味剂300ml广东老字号,36,16.8,604.8,已完成,2026-04-17 00:00:00,沈阳,gzscymy,广东三乘云网络科技有限公司
1335053447,100034465497,珠江桥牌 白灼汁 0脂肪白灼捞拌汁 凉拌蒸鱼海鲜捞汁 300ml 广东老字号,4,9.9,39.6,已完成,2026-05-18 00:00:00,武汉,gzscymy,广东三乘云网络科技有限公司
1335053448,100034465497,珠江桥牌 白灼汁 0脂肪白灼捞拌汁 凉拌蒸鱼海鲜捞汁 300ml 广东老字号,24,9.9,237.6,已完成,2026-05-18 00:00:00,武汉,gzscymy,广东三乘云网络科技有限公司
1335053449,100001106229,珠江桥牌 调味料 姜豉豆豉 出口装0添加防腐剂 阳江特产 300g 广东老字号,48,11.9,571.2,已完成,2026-04-24 00:00:00,郑州,gzscymy,广东三乘云网络科技有限公司
1335053450,6597335,珠江桥牌 酱油 特级鲜酱油 天然酿晒特级酱油 出口装 1000ml 广东老字号,36,18.9,680.4,已完成,2026-05-22 00:00:00,沈阳,gzscymy,广东三乘云网络科技有限公司
1335053451,6597335,珠江桥牌 酱油 特级鲜酱油 天然酿晒特级酱油 出口装 1000ml 广东老字号,48,18.9,907.2,已完成,2026-05-28 00:00:00,北京,gzscymy,广东三乘云网络科技有限公司
1335053452,6597335,珠江桥牌 酱油 特级鲜酱油 天然酿晒特级酱油 出口装 1000ml 广东老字号,12,18.9,226.8,已完成,2026-04-29 00:00:00,北京,gzscymy,广东三乘云网络科技有限公司
1335053453,3908750,珠江桥牌 酱油 金标生抽王 0添加味精凉拌蘸料出口装 500ml 广东老字号,4,7.8,31.2,已完成,2026-04-23 00:00:00,沈阳,gzscymy,广东三乘云网络科技有限公司
1335053454,100042633181,珠江桥牌 金装御品蚝油 0防腐剂45%蚝汁含量出口品质挤瓶250g 广东老字号,24,13.5,324.0,待发货,2026-04-21 00:00:00,西安,gzscymy,广东三乘云网络科技有限公司
1335053455,3478323,珠江桥牌特级头抽酱油 出口品质头道酿造0防腐剂甜味剂300ml广东老字号,96,16.8,1612.8,已完成,2026-05-24 00:00:00,武汉,gzscymy,广东三乘云网络科技有限公司
1335053456,6597335,珠江桥牌 酱油 特级鲜酱油 天然酿晒特级酱油 出口装 1000ml 广东老字号,48,18.9,907.2,已完成,2026-05-19 00:00:00,沈阳,gzscymy,广东三乘云网络科技有限公司
1335053457,6597335,珠江桥牌 酱油 特级鲜酱油 天然酿晒特级酱油 出口装 1000ml 广东老字号,96,18.9,1814.4,已完成,2026-06-08 00:00:00,广州,gzscymy,广东三乘云网络科技有限公司
1335053458,100001106229,珠江桥牌 调味料 姜豉豆豉 出口装0添加防腐剂 阳江特产 300g 广东老字号,48,11.9,571.2,已完成,2026-06-05 00:00:00,武汉,gzscymy,广东三乘云网络科技有限公司
1335053459,100034465497,珠江桥牌 白灼汁 0脂肪白灼捞拌汁 凉拌蒸鱼海鲜捞汁 300ml 广东老字号,96,9.9,950.4,已完成,2026-06-07 00:00:00,西安,gzscymy,广东三乘云网络科技有限公司
1335053460,100009878741,珠江桥牌 柱侯酱 叉烧腌肉烧烤焖肉酱 调味酱柱候酱240g 广东老字号,24,8.79,210.96,已发货,2026-05-19 00:00:00,沈阳,gzscymy,广东三乘云网络科技有限公司
1335053461,3478323,珠江桥牌特级头抽酱油 出口品质头道酿造0防腐剂甜味剂300ml广东老字号,48,16.8,806.4,已完成,2026-05-30 00:00:00,西安,gzscymy,广东三乘云网络科技有限公司
1335053462,100001106229,珠江桥牌 调味料 姜豉豆豉 出口装0添加防腐剂 阳江特产 300g 广东老字号,4,11.9,47.6,已完成,2026-05-14 00:00:00,北京,gzscymy,广东三乘云网络科技有限公司
1335053463,100001106229,珠江桥牌 调味料 姜豉豆豉 出口装0添加防腐剂 阳江特产 300g 广东老字号,96,11.9,1142.4,已完成,2026-06-14 00:00:00,武汉,gzscymy,广东三乘云网络科技有限公司
1335053464,3478323,珠江桥牌特级头抽酱油 出口品质头道酿造0防腐剂甜味剂300ml广东老字号,96,16.8,1612.8,已完成,2026-06-05 00:00:00,武汉,gzscymy,广东三乘云网络科技有限公司
1335053465,100001106229,珠江桥牌 调味料 姜豉豆豉 出口装0添加防腐剂 阳江特产 300g 广东老字号,24,11.9,285.6,已完成,2026-04-18 00:00:00,郑州,gzscymy,广东三乘云网络科技有限公司
1335053466,6597335,珠江桥牌 酱油 特级鲜酱油 天然酿晒特级酱油 出口装 1000ml 广东老字号,36,18.9,680.4,已完成,2026-05-06 00:00:00,沈阳,gzscymy,广东三乘云网络科技有限公司
1335053467,6597335,珠江桥牌 酱油 特级鲜酱油 天然酿晒特级酱油 出口装 1000ml 广东老字号,96,18.9,1814.4,已完成,2026-05-09 00:00:00,北京,gzscymy,广东三乘云网络科技有限公司
1335053468,100002671076,珠江桥牌 调味酱 蘑菇牛肉酱 香菇下饭菜拌饭拌面火锅蘸料230g 广东老字号,6,13.4,80.4,待发货,2026-05-07 00:00:00,郑州,gzscymy,广东三乘云网络科技有限公司
1335053469,3478323,珠江桥牌特级头抽酱油 出口品质头道酿造0防腐剂甜味剂300ml广东老字号,48,16.8,806.4,已发货,2026-05-14 00:00:00,郑州,gzscymy,广东三乘云网络科技有限公司
1335053470,100042633181,珠江桥牌 金装御品蚝油 0防腐剂45%蚝汁含量出口品质挤瓶250g 广东老字号,36,13.5,486.0,已完成,2026-05-18 00:00:00,郑州,gzscymy,广东三乘云网络科技有限公司
1335053471,3908750,珠江桥牌 酱油 金标生抽王 0添加味精凉拌蘸料出口装 500ml 广东老字号,6,7.8,46.8,已完成,2026-05-04 00:00:00,上海,gzscymy,广东三乘云网络科技有限公司
1335053472,100001106229,珠江桥牌 调味料 姜豉豆豉 出口装0添加防腐剂 阳江特产 300g 广东老字号,6,11.9,71.4,已完成,2026-04-18 00:00:00,广州,gzscymy,广东三乘云网络科技有限公司
1335053473,100002671076,珠江桥牌 调味酱 蘑菇牛肉酱 香菇下饭菜拌饭拌面火锅蘸料230g 广东老字号,96,13.4,1286.4,已完成,2026-05-14 00:00:00,上海,gzscymy,广东三乘云网络科技有限公司
1335053474,6597335,珠江桥牌 酱油 特级鲜酱油 天然酿晒特级酱油 出口装 1000ml 广东老字号,6,18.9,113.4,已完成,2026-05-22 00:00:00,上海,gzscymy,广东三乘云网络科技有限公司
1335053475,3478323,珠江桥牌特级头抽酱油 出口品质头道酿造0防腐剂甜味剂300ml广东老字号,48,16.8,806.4,已完成,2026-05-05 00:00:00,广州,gzscymy,广东三乘云网络科技有限公司
1335053476,100009878741,珠江桥牌 柱侯酱 叉烧腌肉烧烤焖肉酱 调味酱柱候酱240g 广东老字号,4,8.79,35.16,已完成,2026-06-05 00:00:00,西安,gzscymy,广东三乘云网络科技有限公司
1335053477,100002671076,珠江桥牌 调味酱 蘑菇牛肉酱 香菇下饭菜拌饭拌面火锅蘸料230g 广东老字号,36,13.4,482.4,已完成,2026-06-03 00:00:00,西安,gzscymy,广东三乘云网络科技有限公司
1335053478,100002671076,珠江桥牌 调味酱 蘑菇牛肉酱 香菇下饭菜拌饭拌面火锅蘸料230g 广东老字号,24,13.4,321.6,已完成,2026-05-08 00:00:00,郑州,gzscymy,广东三乘云网络科技有限公司
1335053479,100001106229,珠江桥牌 调味料 姜豉豆豉 出口装0添加防腐剂 阳江特产 300g 广东老字号,96,11.9,1142.4,已完成,2026-04-20 00:00:00,西安,gzscymy,广东三乘云网络科技有限公司
1335053480,100001106229,珠江桥牌 调味料 姜豉豆豉 出口装0添加防腐剂 阳江特产 300g 广东老字号,6,11.9,71.4,待发货,2026-04-18 00:00:00,武汉,gzscymy,广东三乘云网络科技有限公司
1335053481,100042633181,珠江桥牌 金装御品蚝油 0防腐剂45%蚝汁含量出口品质挤瓶250g 广东老字号,4,13.5,54.0,待发货,2026-05-09 00:00:00,郑州,gzscymy,广东三乘云网络科技有限公司
1335053482,6597335,珠江桥牌 酱油 特级鲜酱油 天然酿晒特级酱油 出口装 1000ml 广东老字号,96,18.9,1814.4,已完成,2026-04-30 00:00:00,郑州,gzscymy,广东三乘云网络科技有限公司
1335053483,3908750,珠江桥牌 酱油 金标生抽王 0添加味精凉拌蘸料出口装 500ml 广东老字号,4,7.8,31.2,已完成,2026-05-22 00:00:00,广州,gzscymy,广东三乘云网络科技有限公司
1335053484,100034465497,珠江桥牌 白灼汁 0脂肪白灼捞拌汁 凉拌蒸鱼海鲜捞汁 300ml 广东老字号,4,9.9,39.6,已完成,2026-05-21 00:00:00,郑州,gzscymy,广东三乘云网络科技有限公司
1335053485,3478323,珠江桥牌特级头抽酱油 出口品质头道酿造0防腐剂甜味剂300ml广东老字号,24,16.8,403.2,已发货,2026-04-17 00:00:00,郑州,gzscymy,广东三乘云网络科技有限公司
1335053486,100034465497,珠江桥牌 白灼汁 0脂肪白灼捞拌汁 凉拌蒸鱼海鲜捞汁 300ml 广东老字号,96,9.9,950.4,已完成,2026-06-04 00:00:00,武汉,gzscymy,广东三乘云网络科技有限公司
1335053487,100034465497,珠江桥牌 白灼汁 0脂肪白灼捞拌汁 凉拌蒸鱼海鲜捞汁 300ml 广东老字号,4,9.9,39.6,已完成,2026-06-15 00:00:00,成都,gzscymy,广东三乘云网络科技有限公司
1335053488,100001106229,珠江桥牌 调味料 姜豉豆豉 出口装0添加防腐剂 阳江特产 300g 广东老字号,24,11.9,285.6,已完成,2026-05-05 00:00:00,郑州,gzscymy,广东三乘云网络科技有限公司
1335053489,6597335,珠江桥牌 酱油 特级鲜酱油 天然酿晒特级酱油 出口装 1000ml 广东老字号,4,18.9,75.6,已完成,2026-05-22 00:00:00,西安,gzscymy,广东三乘云网络科技有限公司
1335053490,3478323,珠江桥牌特级头抽酱油 出口品质头道酿造0防腐剂甜味剂300ml广东老字号,6,16.8,100.8,已完成,2026-06-01 00:00:00,郑州,gzscymy,广东三乘云网络科技有限公司
1335053491,100001106229,珠江桥牌 调味料 姜豉豆豉 出口装0添加防腐剂 阳江特产 300g 广东老字号,36,11.9,428.4,待发货,2026-06-12 00:00:00,北京,gzscymy,广东三乘云网络科技有限公司
1335053492,100002671076,珠江桥牌 调味酱 蘑菇牛肉酱 香菇下饭菜拌饭拌面火锅蘸料230g 广东老字号,48,13.4,643.2,已发货,2026-06-01 00:00:00,北京,gzscymy,广东三乘云网络科技有限公司
1335053493,6597335,珠江桥牌 酱油 特级鲜酱油 天然酿晒特级酱油 出口装 1000ml 广东老字号,6,18.9,113.4,已完成,2026-05-29 00:00:00,广州,gzscymy,广东三乘云网络科技有限公司
1335053494,100009878741,珠江桥牌 柱侯酱 叉烧腌肉烧烤焖肉酱 调味酱柱候酱240g 广东老字号,6,8.79,52.74,待发货,2026-05-06 00:00:00,沈阳,gzscymy,广东三乘云网络科技有限公司
1335053495,6597335,珠江桥牌 酱油 特级鲜酱油 天然酿晒特级酱油 出口装 1000ml 广东老字号,4,18.9,75.6,已完成,2026-04-22 00:00:00,成都,gzscymy,广东三乘云网络科技有限公司
1335053496,100002671076,珠江桥牌 调味酱 蘑菇牛肉酱 香菇下饭菜拌饭拌面火锅蘸料230g 广东老字号,24,13.4,321.6,待发货,2026-05-09 00:00:00,北京,gzscymy,广东三乘云网络科技有限公司
1335053497,100001106229,珠江桥牌 调味料 姜豉豆豉 出口装0添加防腐剂 阳江特产 300g 广东老字号,6,11.9,71.4,已完成,2026-05-18 00:00:00,广州,gzscymy,广东三乘云网络科技有限公司
1335053498,100001106229,珠江桥牌 调味料 姜豉豆豉 出口装0添加防腐剂 阳江特产 300g 广东老字号,6,11.9,71.4,已完成,2026-06-01 00:00:00,武汉,gzscymy,广东三乘云网络科技有限公司
1335053499,100034465497,珠江桥牌 白灼汁 0脂肪白灼捞拌汁 凉拌蒸鱼海鲜捞汁 300ml 广东老字号,12,9.9,118.8,已完成,2026-06-04 00:00:00,郑州,gzscymy,广东三乘云网络科技有限公司
